orgunitlevel1,orgunitlevel2,orgunitlevel3,orgunitlevel4,orgunitlevel5,organisationunitid,organisationunitname,organisationunitcode,organisationunitdescription,November 2025 OPD Attendance <5yrs Female,November 2025 OPD Attendance <5yrs Male,November 2025 OPD attendance >5yrs Female,November 2025 OPD attendance >5yrs Male
Kenya,Bungoma County,Sirisia Sub County,Malakisi/South Kulisiru Ward,A.C.K Butonge Dispensary,lNOoLAelIzT,A.C.K Butonge Dispensary,15837,,3,4,12,8
Kenya,Uasin Gishu County,Kesses Sub County,Cheptiret/Kipchamo Ward,Abigael Health Care Centre,uZSv4cAhOch,Abigael Health Care Centre,24008,,,,,
Kenya,Muranga County,Kandara Sub County,Gaichanjiru Ward,Acc&S Kariua Dispensary,gqkS0qU9tfi,Acc&S Kariua Dispensary,18965,,,,,
Kenya,Kiambu County,Kikuyu Sub County,Kikuyu Ward,ACK Emmanuel Mission Hospital,dbsaPexO6qS,ACK Emmanuel Mission Hospital,24590,,,,,
Kenya,Kiambu County,Kiambu Town Sub County,Ndumberi Ward,ACK Kanunga Dispensary,HAXZM3YNUmN,ACK Kanunga Dispensary,17980,,,,,
Kenya,Kirinyaga County,Kirinyaga West Sub County,Mukure Ward,ACK Kiamagunyi Dispensary,mVtojGpCXoF,ACK Kiamagunyi Dispensary,10531,,,,,
Kenya,Kirinyaga County,Kirinyaga South Sub County,Tebere Ward,ACK MT Kenya Hospital (Mwea),r9Nw0PyLOZD,ACK MT Kenya Hospital (Mwea),10093,,201,160,237,194
Kenya,Narok County,Narok East Sub County,Mosiro Ward,ACK Nturumeti Dispensary,whQyfhyCoEB,ACK Nturumeti Dispensary,15369,,3,8,8,2
Kenya,Nairobi County,Dagoretti North Sub County,Kilimani Ward,Adventist Centre for Care and Support,ZjnMNXqHnuD,Adventist Centre for Care and Support,18535,,,,,
Kenya,Narok County,Narok West Sub County,Siana Ward,AGC Ngoswani Lions Hospital,nrf3kj2jO5f,AGC Ngoswani Lions Hospital,25618,,20,17,217,200
Kenya,Kericho County,Ainamoi Sub County,Kipchebor Ward,AIC Litein Hospital- Kericho Annex Clinic,htFOWkUptpZ,AIC Litein Hospital- Kericho Annex Clinic,27297,,,,,
Kenya,Kericho County,Bureti Sub County,Litein Ward,AIC Litein Mission Hospital,AawtXdUefwb,AIC Litein Mission Hospital,14178,,,,,
Kenya,Makueni County,Kilome Sub County,Mukaa Ward,AIC Mukaa Dispensary,zE0WqGd3i1R,AIC Mukaa Dispensary,12558,,10,8,33,49
Kenya,Muranga County,Kigumo Sub County,Kinyona Ward,AIC MUNUNGA DISPENSARY,ZL2Sbfnbu6r,AIC MUNUNGA DISPENSARY,20071,,,,,
Kenya,Nairobi County,Mathare Sub County,Mabatini Ward,AIC Zion Medical clinic,BpS9tG9DBVF,AIC Zion Medical clinic,20388,,,,,
Kenya,West Pokot County,Pokot North Sub County,Alale Ward,Alale (AIC) Health Centre,SkWeQkXKTzL,Alale (AIC) Health Centre,14196,,49,55,70,27
Kenya,Kirinyaga County,Kirinyaga Central Sub County,Kerugoya Ward,Anglican Development Services(Kerugoya),FAWBdzlc7d0,Anglican Development Services(Kerugoya),10092,,,,15,3
Kenya,Bungoma County,Tongaren Sub County,Soysambu/Mitua Ward,ARC Waraba Medica Centre,DoApIYf90N9,ARC Waraba Medica Centre,20791,,105,98,159,139
Kenya,Homa Bay County,Rachuonyo East Sub County,Kojwach Ward,Atemo Health Centre,bxtsV3tmxZi,Atemo Health Centre,13489,,32,29,85,78
Kenya,Nandi County,Chesumei Sub County,Chemundu/Kapng'etunyi Ward,Baraton Jeremic Community Medical Centre,jtPbG69vznB,Baraton Jeremic Community Medical Centre,14232,,18,8,261,194
Kenya,Kericho County,Kipkelion East Sub County,Londiani Ward,Barotion (AIC) Dispensary,RmqDWK6KpK3,Barotion (AIC) Dispensary,14234,,13,22,65,39
Kenya,Kiambu County,Lari Sub County,Kijabe Ward,Bathi Faith (ACK) Medical Clinic,kysmMGHHdFn,Bathi Faith (ACK) Medical Clinic,10050,,,,,
Kenya,Kajiado County,Kajiado North Sub County,Nkaimurunya Ward,Beacon of Hope Clinic (Ongata Rongai),vG1iOKniT2c,Beacon of Hope Clinic (Ongata Rongai),16667,,54,54,360,254
Kenya,Homa Bay County,Rachuonyo South Sub County,West Kasipul Ward,Beril's GWP Medical centre,wF4m03C8BPG,Beril's GWP Medical centre,26205,,8,17,81,56
Kenya,Kiambu County,Limuru Sub County,Bibirioni Ward,Bibirioni Health Centre,mk85MsanAIc,Bibirioni Health Centre,19602,,,,,
Kenya,Bomet County,Bomet Central Sub County,Silibwet Township Ward,Bomet Youth centre,dYOS1su87Zt,Bomet Youth centre,19939,,,,,
Kenya,Vihiga County,Hamisi Sub County,Tambua Ward,Boyani Dispensary,Yk6aPsR7nng,Boyani Dispensary,15809,,8,7,48,37
Kenya,Busia County,Butula Sub County,Marachi West Ward,Bujumba Mission Dispensary,f6lzICIxrKU,Bujumba Mission Dispensary,15816,,2,5,11,4
Kenya,Kakamega County,Khwisero Sub County,Kisa Central Ward,Bukwala SDA Dispensary,fdNMsyXhBZ8,Bukwala SDA Dispensary,18315,,,,,
Kenya,Kakamega County,Ikolomani Sub County,Idakho Central Ward,Bushiangala Health Centre,rog82qbp7Oh,Bushiangala Health Centre,15832,,1,,3,1
Kenya,Nairobi County,Makadara Sub County,Viwandani Ward,Cana Family Life Clinic,Ch9QLIX4Lv4,Cana Family Life Clinic,12889,,19,16,65,65
Kenya,Nakuru County,Naivasha Sub County,Mai Mahiu Ward,Canaan (ACK) Medical Clinic,h91Cqr2TTdS,Canaan (ACK) Medical Clinic,14279,,,,,
Kenya,Kiambu County,Kiambaa Sub County,Ndenderu Ward,Cargo Human Care Clinic,GsgjuCbw1LE,Cargo Human Care Clinic,18006,,96,179,1740,695
Kenya,Nairobi County,Kasarani Sub County,Ruai Ward,Cascade of Hope Health Care,o5gKwnxxShA,Cascade of Hope Health Care,25152,,68,63,158,71
Kenya,Uasin Gishu County,Turbo Sub County,Ngenyilel Ward,Chebaiwa Dispensary,lHpP2pEFSAC,Chebaiwa Dispensary,14288,,,,,
Kenya,Kakamega County,Malava Sub County,Butali/Chegulo Ward,Chebwai Mission Dispensary,JTL8OVhlUqF,Chebwai Mission Dispensary,15849,,,,,
Kenya,Busia County,Teso North Sub County,Ang'urai East Ward,Chemasiri (ACK) Dispensary,kII3f5Evi8M,Chemasiri (ACK) Dispensary,15853,,,,,
Kenya,West Pokot County,Kipkomo Sub County,Chepareria Ward,Chepareria (SDA) Dispensary,lKpXR0GzrAD,Chepareria (SDA) Dispensary,14329,,20,18,90,61
Kenya,West Pokot County,West Pokot Sub County,Sook Ward,Chepnyal Dispensary,IB4zzLIkHFT,Chepnyal Dispensary,14356,,59,45,59,42
Kenya,Nakuru County,Rongai Sub County,Soin Ward,Cheppemma (AIC) Dispensary,a2LNlmcJ7IF,Cheppemma (AIC) Dispensary,14357,,,,,
Kenya,Bungoma County,Cheptais Sub County,Chesikaki Ward,Cheptais Medical Clinic,NkutiPnLK1M,Cheptais Medical Clinic,18891,,,,,
Kenya,Kericho County,Kipkelion East Sub County,Chepseon Ward,Chesinende (Elck) Dispensary,sIkxI1RwQvs,Chesinende (Elck) Dispensary,14382,,,,,
Kenya,West Pokot County,Pokot Central Sub County,Lomut Ward,Chesta Dispensary,gldtQG24s2F,Chesta Dispensary,14387,,25,20,64,35
Kenya,Tharaka Nithi County,Chuka Sub County,Karingani Ward,Chogoria Hospital Chuka Medical Center,WlzF2rt1FRJ,Chogoria Hospital Chuka Medical Center,22364,,97,31,915,305
Kenya,Nairobi County,Makadara Sub County,Maringo/Hamza Ward,Church Army Medical Clinic,qEFntaDExdm,Church Army Medical Clinic,18795,,,,,
Kenya,Baringo County,Tiaty East Sub County,Churo/Amaya Ward,Churo Dispensary,JNMSLmAAn4F,Churo Dispensary,14392,,60,50,90,60
Kenya,Bungoma County,Sirisia Sub County,Namwela Ward,Chwele Friends Dispensary,fUo2NrKCikw,Chwele Friends Dispensary,15861,,13,10,41,28
Kenya,Narok County,Narok West Sub County,Mara Ward,Cmf Aitong Health Centre,ZLKeFpFXbAQ,Cmf Aitong Health Centre,14394,,14,16,89,75
Kenya,Nairobi County,Kasarani Sub County,Njiru Ward,Conerstone Clinic,WFKNCWeofxP,Conerstone Clinic,12903,,9,7,38,18
Kenya,Kiambu County,Kabete Sub County,Gitaru Ward,Cura (ACK) Medical Clinic,UaGbgsZQ1M8,Cura (ACK) Medical Clinic,10102,,19,35,52,32
Kenya,Kiambu County,Lari Sub County,Kijabe Ward,Cure (AIC) international Children's Hospital,GX1sdQ1xRh9,Cure (AIC) international Children's Hospital,17397,,404,493,696,882
Kenya,Siaya County,Gem Sub County,East Gem Ward,Dolphil Nursing & Maternity Home,iQqQPaktVMP,Dolphil Nursing & Maternity Home,13535,,18,32,331,156
Kenya,Nyamira County,Nyamira North Sub County,Itibo Ward,Ekerenyo Amani Health Centre,jGcyXcm2f8x,Ekerenyo Amani Health Centre,28346,,4,2,30,18
Kenya,Turkana County,Turkana Central Sub County,Kang'atotha Ward,Eliye Springs (AIC) Dispensary,VjDw19Sgkaf,Eliye Springs (AIC) Dispensary,14440,,,,,
Kenya,Narok County,Transmara East Sub County,Ilkerin Ward,Emurua Dikirr VCT Stand Alone,kTKSuT6LuIB,Emurua Dikirr VCT Stand Alone,21356,,,,,
Kenya,Narok County,Narok West Sub County,Mara Ward,Endoinyo Erinka Dispensary,aHOOBJkP1BM,Endoinyo Erinka Dispensary,14457,,112,109,209,76
Kenya,Narok County,Transmara South Sub County,Lolgorian Ward,Engos Health Centre Africa Mission Services,pVsn7nkMvBE,Engos Health Centre Africa Mission Services,17910,,10,13,21,19
Kenya,Nyamira County,Borabu Sub County,Esise Ward,Eronge Health Centre,KYc50Vep5A8,Eronge Health Centre,13547,,3,1,20,18
Kenya,Narok County,Narok Central Sub County,Narok Town Ward,Ewaso Ngiro Dispensary,wsx3VZHUNTl,Ewaso Ngiro Dispensary,14484,,23,19,37,33
Kenya,Narok County,Narok Central Sub County,Narok Town Ward,FLC Fountain Mission Hospital,nCtCHWjnrYi,FLC Fountain Mission Hospital,29891,,,,,
Kenya,Nakuru County,Nakuru East Sub County,Nakuru East Ward,Fountain Medical Centre Nakuru,ye4fzfF4kAx,Fountain Medical Centre Nakuru,17787,,45,41,238,166
Kenya,Nakuru County,Molo Sub County,Molo Ward,Full Gospel Churches Of Kenya - Molo Medical Centre,IqxpJrVL9lX,Full Gospel Churches Of Kenya - Molo Medical Centre,16392,,96,88,134,112
Kenya,Siaya County,Alego Usonga Sub County,South East Alego Ward,Future Life Community Nursing Home,NhqbIqtewwY,Future Life Community Nursing Home,17522,,20,31,107,59
Kenya,Kiambu County,Githunguri Sub County,Komothai Ward,Gathiruini (PCEA) Dispensary,ZhLMW5vxOrJ,Gathiruini (PCEA) Dispensary,10219,,,,,
Kenya,Kirinyaga County,Kirinyaga East Sub County,Ngariama Ward,Gatumbi (SDA) Dispensary,YF2UQdQScMR,Gatumbi (SDA) Dispensary,10232,,17,18,97,55
Kenya,Kisii County,Nyaribari Masaba Sub County,Gesusu Ward,Gesusu Adventist Mission Hospital,jjB3t9QR37q,Gesusu Adventist Mission Hospital,13563,,5,6,76,45
Kenya,Migori County,Kuria East Sub County,Nyabasi East Ward,Getongoroma Health Centre,tRNaL67wHjf,Getongoroma Health Centre,13570,,66,39,73,46
Kenya,Nyamira County,Nyamira North Sub County,Itibo Ward,Gietai (AIC) Dispensary,RsiWBZOvwow,Gietai (AIC) Dispensary,13574,,,,,
Kenya,Kisii County,Bobasi Sub County,Masige West Ward,Gionseri SDA Dispensary,q7AnJKgxgWe,Gionseri SDA Dispensary,24691,,15,12,120,60
Kenya,Muranga County,Kandara Sub County,Ruchu Ward,Githumu Hospital,oau2wlYZlO3,Githumu Hospital,10267,,43,75,698,449
Kenya,Muranga County,Gatanga Sub County,Mugumo-ini Ward,Gituamba (Aipca) Dispensary,EgZh5MF3p8h,Gituamba (Aipca) Dispensary,10020,,,,,
Kenya,Muranga County,Kandara Sub County,Ruchu Ward,Gituru (AIC) Dispensary,en2NybPOjPi,Gituru (AIC) Dispensary,10283,,70,51,172,84
Kenya,Nyeri County,Nyeri Central Sub County,Rware Ward,Good Samaritan (ACK) Medical Clinic,CZxlonoRruj,Good Samaritan (ACK) Medical Clinic,10296,,,,13,10
Kenya,Nakuru County,Nakuru North Sub County,Dundori Ward,Great Comm Medical Clinic,EQrX5OjiAns,Great Comm Medical Clinic,14537,,3,,25,17
Kenya,Kirinyaga County,Kirinyaga South Sub County,Nyangati Ward,Health Charge Medical Center,J5jzRzUAguf,Health Charge Medical Center,26995,,23,16,256,213
Kenya,Nyeri County,Kieni West Sub County,Mweiga Ward,Honi (PCEA) Dispensary,aNL57RUMfIt,Honi (PCEA) Dispensary,19827,,,,,1
Kenya,Homa Bay County,Homa Bay Town Sub County,Homa Bay Central Ward,Hope Compassionate (ACK) Dispensary,AHVXluh93vZ,Hope Compassionate (ACK) Dispensary,16983,,4,7,9,3
Kenya,Bungoma County,Kimilili Sub County,Kibingei Ward,ICFM Dreamland Mission Hospital,Px9lcrdOOO6,ICFM Dreamland Mission Hospital,15864,,114,156,689,912
Kenya,Nairobi County,Embakasi South Sub County,Imara Daima Ward,Imara Health Centre,pM6L7uFojJG,Imara Health Centre,17685,,11,6,64,60
Kenya,Nakuru County,Nakuru North Sub County,Kiamaina Ward,Impact Health Care,h8gciTrB04j,Impact Health Care,20839,,77,68,353,208
Kenya,Nakuru County,Subukia Sub County,Kabazi Ward,Impact Health Care Annex,oAXtRPjvnSF,Impact Health Care Annex,25111,,20,10,199,141
Kenya,Kakamega County,Navakholo Sub County,Ingoste-matiha Ward,Ingotse Dispensary,YSPee8KLHhq,Ingotse Dispensary,15902,,62,83,365,298
Kenya,Uasin Gishu County,Turbo Sub County,Kiplombe Ward,Intergrated Vision Centre Mlimani Mission Hospital,Jouju0Ll8s7,Intergrated Vision Centre Mlimani Mission Hospital,28890,,10,13,49,32
Kenya,Nyamira County,Nyamira North Sub County,Itibo Ward,Itibo Mission Health Centre,BB8Fv5gv7SE,Itibo Mission Health Centre,13628,,11,10,171,111
Kenya,Kisii County,Bonchari Sub County,Bogiakumu Ward,Itierio Maternity and Nursing Home,gI0eLFGcgCg,Itierio Maternity and Nursing Home,13629,,114,150,861,518
Kenya,Kirinyaga County,Kirinyaga East Sub County,Njukiine Ward,Jesmond (ACK) Dispensary (Mburi),anhlbWFPk8F,Jesmond (ACK) Dispensary (Mburi),10375,,10,13,66,46
Kenya,Nairobi County,Roysambu Sub County,Roysambu Ward,Jesse Kay Children's Hospital,uKQ00J1SYx7,Jesse Kay Children's Hospital,24073,,55,74,281,173
Kenya,Vihiga County,Hamisi Sub County,Shiru Ward,Jumuia Friends Hospital Kaimosi,y0kyyERURWh,Jumuia Friends Hospital Kaimosi,15913,,143,145,723,712
Kenya,Nairobi County,Mathare Sub County,Kiamaiko Ward,Jumuia Hospital (Huruma),n33t3QkAiUY,Jumuia Hospital (Huruma),12972,,340,247,2146,1747
Kenya,Bomet County,Chepalungu Sub County,Chebunyo Ward,Kaboson Health Centre,fMFsmycdb6z,Kaboson Health Centre,14628,,263,152,38,54
Kenya,Homa Bay County,Rangwe Sub County,Kochia Ward,Kager Dispensary,CUCTqzLEY0L,Kager Dispensary,13643,,25,15,80,32
Kenya,Nandi County,Mosop Sub County,Ndalat Ward,Kaigat (SDA) Health Centre,FS92QpEW9X1,Kaigat (SDA) Health Centre,14642,,14,9,116,84
Kenya,Marsabit County,North Horr Sub County,Maikona Ward,Kalacha (AIC) Dispensary,LL1CdE4hkBQ,Kalacha (AIC) Dispensary,12141,,,,,
Kenya,Makueni County,Makueni Sub County,Nzaui/Kilili/Kalamba Ward,Kalamba (AIC) Dispensary,SkQZUBdlpnz,Kalamba (AIC) Dispensary,17431,,17,16,177,70
Kenya,Turkana County,Turkana Central Sub County,Kalokol Ward,Kalokol (Aic) Health Centre,N636nMR9Hsh,Kalokol (Aic) Health Centre,14663,,40,43,72,63
Kenya,Migori County,Rongo Sub County,East Kamagambo Ward,Kamagambo SDA Dispensary,g5KpbX9mwwJ,Kamagambo SDA Dispensary,13649,,1,2,9,25
Kenya,Homa Bay County,Suba North Sub County,Rusinga Island Ward,Kamasengere Buda Baptist  Health Centre,PUZQj1Cypzb,Kamasengere Buda Baptist  Health Centre,13650,,,,,
Kenya,Kiambu County,Githunguri Sub County,Ngewa Ward,Kambui (PCEA) Dispensary,sVtx58e1tHa,Kambui (PCEA) Dispensary,10446,,5,2,29,15
Kenya,Kiambu County,Lari Sub County,Kamburu Ward,Kamburu (PCEA) Dispensary,PZJ5zoO52xj,Kamburu (PCEA) Dispensary,10448,,,,,
Kenya,Bungoma County,Tongaren Sub County,Milima Ward,Kamukuywa (ACK) Dispensary,nDHVt4OzVE7,Kamukuywa (ACK) Dispensary,15918,,,,,
Kenya,Muranga County,Kigumo Sub County,Kinyona Ward,Kamung'ang'a  Dispensary,UssljyWdXrX,Kamung'ang'a  Dispensary,10454,,21,12,201,89
Kenya,Elgeyo Marakwet County,Marakwet West Sub County,Kapsowar Ward,Kapsowar (Aic) Hospital,syjqhftfG5l,Kapsowar (Aic) Hospital,14767,,202,204,1903,872
Kenya,Bungoma County,Mt Elgon Sub County,Kaptama Ward,Kaptama Health Centre,pIRUamww2Tr,Kaptama Health Centre,22508,,,,,
Kenya,Narok County,Transmara East Sub County,Ololmasani Ward,Kapweria Dispensary,mIx0k3vFrCb,Kapweria Dispensary,14797,,79,53,271,206
Kenya,Kirinyaga County,Kirinyaga Central Sub County,Inoi Ward,Karaini (ACK) Dispensary,EnlvyzCk9e2,Karaini (ACK) Dispensary,10478,,,,,
Kenya,Kitui County,Mwingi North Sub County,Kyuso Ward,Katakani Dispensary,hiLD4yCxIAC,Katakani Dispensary,12213,,2,1,18,10
Kenya,Kericho County,Sigowet/Soin Sub County,Sigowet Ward,Kebeneti (SDA) Health Centre,VIF8LPwPrcP,Kebeneti (SDA) Health Centre,14822,,36,29,49,44
Kenya,Nyamira County,Manga Sub County,Kamera Ward,Kemera (SDA) Dispensary,atumVmDAZzs,Kemera (SDA) Dispensary,13666,,,1,1,
Kenya,Homa Bay County,Rachuonyo North  Sub County,Kendu Bay Town Ward,Kendu Adventist Hospital,EhJ2SBfPRSW,Kendu Adventist Hospital,13667,,16,17,259,157
Kenya,Meru County,Imenti North Sub County,Nyaki East Ward,Kenya Community Health Clinic Mck Ciothirai,RpTVnEOD2g6,Kenya Community Health Clinic Mck Ciothirai,22870,,2,5,28,14
Kenya,Narok County,Transmara West Sub County,Keyian Ward,Keyian SDA Dispensary,avJUs3Zqpi1,Keyian SDA Dispensary,17327,,20,17,70,60
Kenya,Bungoma County,Bumula Sub County,Khasoko Ward,Khasoko Health Centre,OwaQqvBExjF,Khasoko Health Centre,15935,,3,5,28,20
Kenya,Meru County,Imenti North Sub County,Ntima West Ward,Kiamiriru MCK Dispensary,qofxRUgcFyD,Kiamiriru MCK Dispensary,17468,,3,3,12,13
Kenya,Kirinyaga County,Kirinyaga North/Mwea West Sub County,Wamumu Ward,Kiandegwa (Methodist Church of Kenya) Dispensary,l5C6eipODMr,Kiandegwa (Methodist Church of Kenya) Dispensary,10551,,,,,
Kenya,Nyeri County,Mathira East Sub County,Iriaini Ward,Kiaruhiu (PCEA) Health Centre,s8UyLaY8LxW,Kiaruhiu (PCEA) Health Centre,10567,,,,,
Kenya,Nairobi County,Kibra Sub County,Makina Ward,Kibera Chemi Chemi Ya Uzima Clinic,Dfweqt8eyqS,Kibera Chemi Chemi Ya Uzima Clinic,12894,,159,145,178,142
Kenya,Kajiado County,Kajiado East Sub County,Kenyawa-poka Ward,Kibini Hill (PCEA) Dispensary,SABoD4mV2BY,Kibini Hill (PCEA) Dispensary,14852,,,,,
Kenya,Makueni County,Kibwezi East Sub County,Thange Ward,Kibwezi (PCEA) Dispensary,Grn5AkTRy74,Kibwezi (PCEA) Dispensary,17921,,,,,
Kenya,Meru County,Igembe Central Sub County,Igembe East Ward,Kiengu PCEA Dispensary,AmbExKcweHi,Kiengu PCEA Dispensary,12293,,66,99,120,82
Kenya,Muranga County,Gatanga Sub County,Kihumbu-ini Ward,Kihumbuini (PCEA) Dispensary,hbBSP9aXVeT,Kihumbuini (PCEA) Dispensary,10597,,,,,
Kenya,Kiambu County,Lari Sub County,Kijabe Ward,Kijabe (AIC) Hospital,HVOJPKtJhsG,Kijabe (AIC) Hospital,10602,,,,,
Kenya,Kiambu County,Lari Sub County,Lari/Kirenga Ward,Kijabe (AIC) Hospital Marira Medical Clinic,IIw7XjguWks,Kijabe (AIC) Hospital Marira Medical Clinic,10693,,45,55,579,266
Kenya,Kiambu County,Kikuyu Sub County,Kikuyu Ward,Kikuyu (PCEA) Hospital,HO8XXXER1ZS,Kikuyu (PCEA) Hospital,10603,,63,70,1181,874
Kenya,Narok County,Transmara West Sub County,Shankoe Ward,Kilgoris (Cog) Dispensary,sAnQxuicHZK,Kilgoris (Cog) Dispensary,14864,,,,,
Kenya,Vihiga County,Luanda Sub County,Emabungo Ward,Kima Mission Hospital,OwA3FdxjmkQ,Kima Mission Hospital,15946,,56,63,589,425
Kenya,Kiambu County,Lari Sub County,Kijabe Ward,Kimende Orthodox Mission Health Centre,FB1EWLohD2s,Kimende Orthodox Mission Health Centre,10610,,90,53,326,129
Kenya,Nandi County,Mosop Sub County,Chepterwai Ward,Kimng'oror (ACK) Health Centre,P9UwwU6jxr7,Kimng'oror (ACK) Health Centre,16720,,94,76,224,219
Kenya,Kiambu County,Gatundu South Sub County,Ngenda Ward,Kimunyu (PCEA) Dispensary,hwtoYW2hXUh,Kimunyu (PCEA) Dispensary,10612,,,,,
Kenya,Bungoma County,Cheptais Sub County,Kapkateny Ward,Kipsigon (FGC) Health Centre,bWgvLTF0Jry,Kipsigon (FGC) Health Centre,15952,,,,,
Kenya,Kericho County,Sigowet/Soin Sub County,Soin Ward,Kipsitet Baptist Dispensary,qSDEcUCgLky,Kipsitet Baptist Dispensary,19591,,,,,
Kenya,Meru County,Imenti Central Sub County,Abothuguchi Central Ward,Kirigara (MCK) Dispensary,PnYRbWmiSJA,Kirigara (MCK) Dispensary,16840,,,,,
Kenya,Kajiado County,Kajiado West Sub County,Keekonyokie Ward,Kiserian Health Centre,qrLS4S4j5iv,Kiserian Health Centre,30627,,62,81,297,107
Kenya,Makueni County,Mbooni Sub County,Kithungo/Kitundu Ward,Kitundu (SDA) Dispensary,ua1ocZuxevt,Kitundu (SDA) Dispensary,12368,,12,8,88,45
Kenya,Makueni County,Kilome Sub County,Kima Kiu/Kalanzoni Ward,Kiu (AIC) Dispensary,lBcxySsDQKa,Kiu (AIC) Dispensary,12374,,20,13,180,201
Kenya,Busia County,Teso North Sub County,Ang'urai East Ward,Kolanya Salvation Army Health Centre,rsNtXqATBzF,Kolanya Salvation Army Health Centre,15953,,39,25,92,78
Kenya,Nandi County,Aldai Sub County,Kemeloi-maraba Ward,Koloch Dispensary,h8nvmdi2GSQ,Koloch Dispensary,14980,,,,,
Kenya,Migori County,Kuria East Sub County,Nyabasi West Ward,Komotobo Mission Health Centre,x9Jr09a3JDh,Komotobo Mission Health Centre,13717,,79,62,70,33
Kenya,Migori County,Suna West Sub County,Wasimbete Ward,Kopanga Dispensary (CHAK),MQcFGwW1QsE,Kopanga Dispensary (CHAK),13718,,97,78,105,93
Kenya,Kitui County,Mwingi West Sub County,Kyome/Thaana Ward,Kyome (AIC) Dispensary,G5sWeGrcYSV,Kyome (AIC) Dispensary,12417,,3,4,30,22
Kenya,Makueni County,Makueni Sub County,Mbitini Ward,Kyumbe Dispensary (Makueni),DgVxLyiCQ0V,Kyumbe Dispensary (Makueni),12419,,2,,35,21
Kenya,Uasin Gishu County,Kapseret Sub County,Langas Ward,Langas RCEA Health Center,pyVe7DfRPnj,Langas RCEA Health Center,15011,,154,161,750,478
Kenya,Kiambu County,Kabete Sub County,Muguga Ward,Lankia Nursing Home,al3IFUuaf1r,Lankia Nursing Home,10654,,,,,
Kenya,Kakamega County,Shinyalu Sub County,Isukha Central Ward,Lirhanda Mission Health Centre,qmnDVekwUFH,Lirhanda Mission Health Centre,20729,,,,,
Kenya,Kericho County,Ainamoi Sub County,Kipchebor Ward,Live With Hope Dispensary,cydsug5htZ9,Live With Hope Dispensary,17589,,10,10,34,26
Kenya,Uasin Gishu County,Ainabkoi Sub County,Kapsoya Ward,Living Room International,cstMyxSGR2e,Living Room International,24724,,,,,
Kenya,Marsabit County,Laisamis Sub County,Loglogo Ward,Logologo AIC Dispensary,Mrbd6SVKio5,Logologo AIC Dispensary,16213,,26,16,18,14
Kenya,Turkana County,Turkana South Sub County,Lokichar Ward,Lokichar (RCEA) Health Centre,aKjGXxIWmX3,Lokichar (RCEA) Health Centre,15057,,109,106,388,347
Kenya,Turkana County,Lokichoggio Sub County,Lokichoggio Ward,Lokichogio (Aic) Health Centre,ssY2d9sMYGR,Lokichogio (Aic) Health Centre,15059,,186,156,355,244
Kenya,Turkana County,Turkana East Sub County,Lokori/Kochodin Ward,Lokori (AIC) Health Centre,riVaDMbSHNv,Lokori (AIC) Health Centre,15064,,60,37,136,94
Kenya,Turkana County,Lokiriama Sub County,Loima Ward,Lokwatubwa (PAG) Dispensary,Ny1Neo7owcC,Lokwatubwa (PAG) Dispensary,16697,,23,28,36,21
Kenya,Turkana County,Turkana West Sub County,Lopur Ward,Lopur (AIC) Dispensary (Turkana West),qDGxffdJQuj,Lopur (AIC) Dispensary (Turkana West),15082,,112,157,340,118
Kenya,Turkana County,Turkana East Sub County,Lokori/Kochodin Ward,Lotubae (AIC) Dispensary,mnKXMuGeWwE,Lotubae (AIC) Dispensary,20592,,180,152,430,235
Kenya,Turkana County,Aroo Sub County,Lobokat Ward,Loyapat Dispensary,EhuI79D8Ubl,Loyapat Dispensary,15098,,90,55,78,45
Kenya,Bungoma County,Webuye West Sub County,Misikhu Ward,Lugulu Friends Mission Hospital,GzJU2wkfa30,Lugulu Friends Mission Hospital,15965,,91,90,1142,605
Kenya,Kakamega County,Butere Sub County,Marama North Ward,Lukohe Health Centre,ZhDOwErGfV4,Lukohe Health Centre,17298,,61,67,236,153
Kenya,Bungoma County,Bumula Sub County,West Bukusu Ward,Machwele Dispensary,tNO45kPRfaQ,Machwele Dispensary,15984,,20,24,73,35
Kenya,Nyamira County,Nyamira North Sub County,Magwagwa Ward,Magwagwa (SDA) Dispensary,qQBZhGY6Zue,Magwagwa (SDA) Dispensary,13755,,16,12,22,14
Kenya,Makueni County,Kilome Sub County,Mukaa Ward,Maiani Salvation Army Dispensary,VGz3fGFdGJY,Maiani Salvation Army Dispensary,20997,,18,12,38,32
Kenya,Siaya County,Gem Sub County,North Gem Ward,Maliera SDA Dispensary,qqhDXan6YY4,Maliera SDA Dispensary,20013,,,,,
Kenya,Homa Bay County,Rachuonyo South Sub County,West Kasipul Ward,Mangima SDA Health Centre,oHDwiPFaNCX,Mangima SDA Health Centre,13768,,,,,
Kenya,Homa Bay County,Rangwe Sub County,Kagan Ward,Manyatta (SDA) Dispensary,Nkbsp23UkM3,Manyatta (SDA) Dispensary,13769,,2,3,23,20
Kenya,Narok County,Narok West Sub County,Mara Ward,Mararianta Health Centre,sbtG4aQyRyp,Mararianta Health Centre,15128,,12,10,100,57
Kenya,West Pokot County,Pokot Central Sub County,Sekerr Ward,Marich Dispensary,znkYUzIuep4,Marich Dispensary,15130,,3,6,11,9
Kenya,Kericho County,Kipkelion East Sub County,Kedowa/Kimugul Ward,Mary Finch Dispensary,QxPsGHs12s5,Mary Finch Dispensary,15146,,,,,
Kenya,Kakamega County,Butere Sub County,Marama South Ward,Masaba Dispensary,QR2K4k8VKF1,Masaba Dispensary,16715,,,,,
Kenya,Kisumu County,Kisumu West Sub County,North West Kisumu Ward,Maseno Mission Hospital,gEEJqBQ2vqX,Maseno Mission Hospital,13781,,47,19,195,72
Kenya,Siaya County,Bondo Sub County,North Sakwa Ward,Matangwe Community Health & Development Programme,Ox532fak7j5,Matangwe Community Health & Development Programme,13787,,13,9,95,43
Kenya,Migori County,Kuria East Sub County,Ntimaru West Ward,Matare SDA Dispensary,l8miWevqFuS,Matare SDA Dispensary,13788,,300,181,655,359
Kenya,Homa Bay County,Rachuonyo South Sub County,West Kamagak Ward,Matata Nursing Hospital,GSBiP2fM5zp,Matata Nursing Hospital,13789,,199,264,954,633
Kenya,Nyeri County,Tetu Sub County,Wamagana Ward,Mathakwaini (PCEA) Dispensary,tFbJmUSQC3w,Mathakwaini (PCEA) Dispensary,10705,,,,,
Kenya,Nyamira County,Nyamira North Sub County,Bokeira Ward,Matongo Health Centre,SWDBkgq9Eqe,Matongo Health Centre,13791,,11,9,45,43
Kenya,Nyamira County,Borabu Sub County,Nyansiongo Ward,Matutu Dispensary,c3Sw12ouZgJ,Matutu Dispensary,13794,,,,,
Kenya,Meru County,Igembe South Sub County,Maua Ward,Maua Methodist Hospital,pnELrefcHxQ,Maua Methodist Hospital,12492,,142,151,1992,1357
Kenya,Makueni County,Mbooni Sub County,Mbooni Ward,Mbooni (AIC) Dispensary,ZRzX46eulvM,Mbooni (AIC) Dispensary,12507,,70,50,74,51
Kenya,Narok County,Transmara West Sub County,Kilgoris Central Ward,Meguara Dispensary,wz0f8Mct2sz,Meguara Dispensary,16688,,46,68,143,57
Kenya,Uasin Gishu County,Turbo Sub County,Kamagut Ward,Mercy Health Centre,IZY2JLds4Mg,Mercy Health Centre,17466,,9,16,72,89
Kenya,Homa Bay County,Suba West Sub County,Mfangano Island Ward,Mfangano Central Adventies Mission,mRDMIlDrARd,Mfangano Central Adventies Mission,29344,,9,9,48,33
Kenya,Muranga County,Mathioya Sub County,Gitugi Ward,Mihuti Dispensary (Muranga North),ww6feYH41SM,Mihuti Dispensary (Muranga North),10728,,,,,
Kenya,Bungoma County,Kanduyi Sub County,Township Ward,Mission of Mercy Clinic,u4oYyK5yC2Y,Mission of Mercy Clinic,16020,,58,110,350,610
Kenya,Meru County,Imenti South Sub County,Mitunguu Ward,Mitunguu CCS Dispensary,olWgUsoEXF9,Mitunguu CCS Dispensary,12533,,10,7,100,102
Kenya,Kisii County,South Mugirango Sub County,Borabu/Chitago Ward,Monianku Health Centre,Vddks98p1ro,Monianku Health Centre,13821,,20,22,206,119
Kenya,Kirinyaga County,Kirinyaga Central Sub County,Kerugoya Ward,Mt Kenya (ACK) Hospital,EjGDFOdiRTy,Mt Kenya (ACK) Hospital,10738,,63,90,691,419
Kenya,Kiambu County,Juja Sub County,Murera Ward,Mugutha (SDA) Dispensary,IMkgH4PXMqA,Mugutha (SDA) Dispensary,26248,,14,13,35,16
Kenya,Kiambu County,Gatundu North Sub County,Mang'u Ward,Mukurwe (PCEA) Medical Clinic,j4DGPmDlXAp,Mukurwe (PCEA) Medical Clinic,10760,,,,,
Kenya,Kitui County,Kitui Central Sub County,Mulango Ward,Mulango (AIC) Health Centre,dLQjsqOgttT,Mulango (AIC) Health Centre,12566,,15,18,172,74
Kenya,Kakamega County,Khwisero Sub County,Kisa Central Ward,Mulwanda Health Centre,KWE4k0FdpyQ,Mulwanda Health Centre,16033,,34,25,81,62
Kenya,Kakamega County,Khwisero Sub County,Kisa Central Ward,Mundoli Health Centre,Sl09BVeTcZl,Mundoli Health Centre,16040,,18,10,107,93
Kenya,Nyeri County,Nyeri South Sub County,Mahiga Ward,Munyange (Aipca) Dispensary,Lbir9uRDAM1,Munyange (Aipca) Dispensary,10773,,,,,
Kenya,Kakamega County,Mumias West Sub County,Musanda Ward,Musanda Dispensary,dP6vWptiu3u,Musanda Dispensary,25507,,33,29,131,107
Kenya,Kakamega County,Mumias East Sub County,Malaha/Isongo/Makunga Ward,Musango Dispensary,sSVe5omQLsG,Musango Dispensary,21100,,39,38,207,73
Kenya,Makueni County,Mbooni Sub County,Tulimani Ward,Musoa SDA Dispensary,nqsAVVgqaal,Musoa SDA Dispensary,18660,,11,8,61,39
Kenya,Muranga County,Kigumo Sub County,Muthithi Ward,Muthithi (PCEA) Dispensary,j46MqgkK8CE,Muthithi (PCEA) Dispensary,16175,,7,13,60,37
Kenya,Muranga County,Kigumo Sub County,Muthithi Ward,Muthithi Dispensary,nVj0xIkctZY,Muthithi Dispensary,10793,,32,25,180,53
Kenya,Kirinyaga County,Kirinyaga Central Sub County,Mutira Ward,Mutira (ACK) Dispensary,kakrAhmSzrh,Mutira (ACK) Dispensary,10796,,,,,
Kenya,Nairobi County,Ruaraka Sub County,Korogocho Ward,Mwangaza ulio Na Tumaini clinic,TblKjH1ctLD,Mwangaza ulio Na Tumaini clinic,20091,,198,173,515,484
Kenya,Kakamega County,Khwisero Sub County,Kisa North Ward,Mwihila Mission Hospital,cSJA4hwmlLm,Mwihila Mission Hospital,16058,,36,38,350,279
Kenya,Muranga County,Kandara Sub County,Ng'araria Ward,Naaro Dispensary,z4uftlBupO5,Naaro Dispensary,10817,,29,33,130,79
Kenya,Narok County,Narok West Sub County,Naikarra Ward,Naikara Health Centre,DfoyCNu7TiG,Naikara Health Centre,15276,,180,173,380,97
Kenya,Nairobi County,Westlands Sub County,Karura Ward,Nairobi Adventist Hospital Limited,Mh5GJbVMXaB,Nairobi Adventist Hospital Limited,24563,,,,,
Kenya,Nakuru County,Naivasha Sub County,Hellsgate Ward,Naivasha (AIC) Medical Centre,m6ITwjXu5J5,Naivasha (AIC) Medical Centre,15282,,321,338,2261,797
Kenya,Nakuru County,Nakuru West Sub County,Kaptembwo Ward,Nakuru West (A.I.P.C.A) Medical Centre,ZLWW4U0YIOu,Nakuru West (A.I.P.C.A) Medical Centre,22751,,,,3,3
Kenya,Nakuru County,Nakuru West Sub County,Shaabab Ward,Nakuru West (PCEA) Health Centre,tlcvZ4jzPwM,Nakuru West (PCEA) Health Centre,15290,,3,7,42,27
Kenya,Kakamega County,Khwisero Sub County,Kisa Central Ward,Namasoli Health Centre,z6NaFzIMBFT,Namasoli Health Centre,16065,,19,17,241,138
Kenya,Busia County,Samia Sub County,Namboboto-nambuku Ward,Namboboto Dispensary,G8avY4Gzra8,Namboboto Dispensary,16067,,16,18,118,66
Kenya,Turkana County,Lokiriama Sub County,Loima Ward,Namoruputh (PAG) Health Centre,R8oYDOngoLk,Namoruputh (PAG) Health Centre,15299,,87,97,166,111
Kenya,Turkana County,Lokichoggio Sub County,Nanaam Ward,Nanam Health Centre,CD9oTdiDgcB,Nanam Health Centre,15303,,140,104,358,227
Kenya,West Pokot County,Pokot Central Sub County,Sekerr Ward,Nasolot Dispensary,yBRzHDDAwbG,Nasolot Dispensary,15314,,48,24,130,88
Kenya,Turkana County,Turkana West Sub County,Kakuma Ward,Natiir Dispensary,a3igFPyASM4,Natiir Dispensary,22335,,105,95,219,199
Kenya,Nandi County,Mosop Sub County,Ndalat Ward,Ndalat (PCEA) Health Centre,WyVmyoPyKR8,Ndalat (PCEA) Health Centre,15319,,17,15,25,22
Kenya,Nyamira County,Borabu Sub County,Esise Ward,Nderema Dispensary,wlpeK6WG0zA,Nderema Dispensary,16660,,,,,
Kenya,Kiambu County,Lari Sub County,Nyanduma Ward,Nduriri (AIC) Dispensary,mfq85Lxst3W,Nduriri (AIC) Dispensary,10841,,10,14,48,27
Kenya,Siaya County,Alego Usonga Sub County,South East Alego Ward,Ng'Iya Health Centre,wY8b3t2QsEL,Ng'Iya Health Centre,13852,,43,35,391,312
Kenya,Kiambu County,Limuru Sub County,Bibirioni Ward,Ngarariga Health Centre,cUDTYXvPnuD,Ngarariga Health Centre,10859,,34,29,113,77
Kenya,Kiambu County,Limuru Sub County,Ngecha Tigoni Ward,Ngecha Orthodox Dispensary,wW22sYeXYHK,Ngecha Orthodox Dispensary,10862,,6,,15,17
Kenya,Narok County,Narok West Sub County,Ilmotiook Ward,Ngito Health Centre,cacMe5d5411,Ngito Health Centre,15348,,117,116,146,81
Kenya,Nairobi County,Kasarani Sub County,Ruai Ward,Ngundu Health Center,q6XAWELWPtn,Ngundu Health Center,27675,,70,52,115,64
Kenya,Nakuru County,Njoro Sub County,Njoro Ward,Njoro (PCEA) Dispensary,JH3JD09wTVH,Njoro (PCEA) Dispensary,15357,,,,,
Kenya,Narok County,Transmara South Sub County,Lolgorian Ward,Nkararo Health Centre,ZI9lvyYBr5M,Nkararo Health Centre,15362,,,,,
Kenya,Meru County,Imenti Central Sub County,Abothuguchi Central Ward,Nkuene (ACK) Dispensary,z7cSUciVqsl,Nkuene (ACK) Dispensary,16841,,,,,
Kenya,Kajiado County,Loitokitok Sub County,Rombo Ward,Nolasit Dispensary,G40Q6j8KZBa,Nolasit Dispensary,15366,,19,33,79,21
Kenya,Migori County,Kuria West Sub County,Isibania Ward,Nyabikaye Dispensary,cXP5RZ3ZMEP,Nyabikaye Dispensary,13859,,,,,
Kenya,Nyamira County,Borabu Sub County,Kiabonyoru Ward,Nyabikomu Dispensary,W3iNwb9EMIU,Nyabikomu Dispensary,13860,,,,,
Kenya,Kisii County,Bobasi Sub County,Bassi Bogetaorio Ward,Nyachogochogo Dispensary,mrUbVs4rrdT,Nyachogochogo Dispensary,13869,,22,31,154,211
Kenya,Kisii County,Kitutu Chache North Sub County,Sensi Ward,Nyagesenda Dispensary,ofMxthtWkGU,Nyagesenda Dispensary,13871,,46,38,121,99
Kenya,Kisii County,South Mugirango Sub County,Tabaka Ward,Nyagichenche (SDA) Dispensary,GsNEkLm5djT,Nyagichenche (SDA) Dispensary,16881,,5,6,24,12
Kenya,Homa Bay County,Rachuonyo South Sub County,West Kasipul Ward,Nyagowa Elck Health Centre,M4MBI8p8WUr,Nyagowa Elck Health Centre,13873,,3,2,15,5
Kenya,Kisumu County,Nyakach Sub County,South West Nyakach Ward,Nyakach (AIC) Health Centre,zdklzerrVxH,Nyakach (AIC) Health Centre,13881,,9,3,83,52
Kenya,Nyamira County,Masaba North Sub County,Gesima Ward,Nyamakoroto Dispensary,eWl04gJBWM3,Nyamakoroto Dispensary,13895,,,3,14,8
Kenya,Siaya County,Alego Usonga Sub County,Usonga Ward,Nyambare Health Centre,q0HFYe46rHe,Nyambare Health Centre,13904,,2,2,70,50
Kenya,Nyamira County,Nyamira Sub County,Township Ward,Nyamira Adventist Health Centre,HjL1sFQUDS0,Nyamira Adventist Health Centre,13911,,1,1,7,2
Kenya,Kisii County,Nyaribari Chache Sub County,Kisii Central Ward,Nyanchwa Adventist Hospital,ag64ujDJHs6,Nyanchwa Adventist Hospital,13918,,78,68,128,133
Kenya,Kisii County,Kitutu Chache North Sub County,Marani Ward,Nyasore Dispensary,FeLxPetJ03a,Nyasore Dispensary,13943,,,,,
Kenya,Kakamega County,Likuyani Sub County,Sinoko Ward,Nzoia (Ack) Dispensary,QX78Aueq3HO,Nzoia (Ack) Dispensary,16084,,25,32,36,68
Kenya,Migori County,Suna West Sub County,Wasimbete Ward,Ogada Health Centre,OnMW8Kn4YDf,Ogada Health Centre,13960,,72,78,116,120
Kenya,Homa Bay County,Homa Bay Town Sub County,Homa Bay East Ward,Ogande Dispensary,pnLsN07Qaut,Ogande Dispensary,13962,,20,22,40,25
Kenya,Narok County,Narok East Sub County,Suswa Ward,Olasiti (AIC) Dispensary,BklVxAeLuVH,Olasiti (AIC) Dispensary,15387,,8,8,25,18
Kenya,Narok County,Narok West Sub County,Naikarra Ward,Olderkesi Dispensary,Of5ckH5BGZT,Olderkesi Dispensary,15392,,140,142,140,121
Kenya,Narok County,Transmara South Sub County,Angata Barikoi Ward,Oldonyorok Dispensary,wS4rT2yVYfu,Oldonyorok Dispensary,24515,,8,8,83,54
Kenya,Narok County,Narok Central Sub County,Melili Ward,Olendeem Dispensary,O4uGSh851cG,Olendeem Dispensary,15397,,6,11,20,18
Kenya,Narok County,Narok Central Sub County,Melili Ward,Olenkasurai Dispensary,cg6jUmXgTbX,Olenkasurai Dispensary,16330,,11,10,17,10
Kenya,Narok County,Transmara West Sub County,Shankoe Ward,Olereko Dispensary,zDxOF3Q1fxO,Olereko Dispensary,15400,,100,80,140,60
Kenya,Narok County,Narok Central Sub County,Narok Town Ward,Olooltoto Dispensary,eg6xdHLro47,Olooltoto Dispensary,17805,,,,,
Kenya,Homa Bay County,Rachuonyo North  Sub County,Central Ward,Oriang (SDA) Health Centre,Abx1zrqutJ6,Oriang (SDA) Health Centre,16284,,4,4,14,10
Kenya,Kajiado County,Kajiado Central Sub County,Dalalekutuk Ward,Orinie (AIC) Clinic,zXLs3UbUByu,Orinie (AIC) Clinic,15443,,24,19,39,34
Kenya,Nairobi County,Dagoretti South Sub County,Riruta Ward,Orthodox Dispensary,grMnXpkx5MQ,Orthodox Dispensary,13135,,1,3,8,9
Kenya,Kiambu County,Kikuyu Sub County,Nachu Ward,Orthodox Maternity and Health Centre,XbCtmsSiFyF,Orthodox Maternity and Health Centre,17395,,55,49,139,97
Kenya,Migori County,Uriri Sub County,West Kanyamkago Ward,Oyani (SDA) Dispensary,WV0WSrN5Wki,Oyani (SDA) Dispensary,14008,,37,29,77,62
Kenya,Tharaka Nithi County,Maara Sub County,Chogoria Ward,PCEA Chogoria Hospital,XgnBT8Pug4r,PCEA Chogoria Hospital,11970,,180,122,1053,702
Kenya,Nakuru County,Subukia Sub County,Subukia Ward,PCEA Kaigai Medical Clinic,qjOoEugjPTF,PCEA Kaigai Medical Clinic,14638,,,,,
Kenya,Makueni County,Kibwezi East Sub County,Thange Ward,PCEA Kasasule Dispensary,ghygCp0yjh3,PCEA Kasasule Dispensary,12205,,32,27,179,89
Kenya,Nyeri County,Nyeri South Sub County,Mahiga Ward,PCEA Mahiga Medical and Maternity Home,zlOqwHi8J7M,PCEA Mahiga Medical and Maternity Home,10670,,,,,
Kenya,Nakuru County,Kuresoi North Sub County,Kamara Ward,PCEA Mau-Summit Health Centre,oIwJZQRp5Ic,PCEA Mau-Summit Health Centre,17878,,,,,
Kenya,Nakuru County,Rongai Sub County,Menengai West Ward,PCEA Mwangaza Dispensary,SnB8mt14LaK,PCEA Mwangaza Dispensary,18598,,,,,
Kenya,Kiambu County,Gatundu South Sub County,Ndarugu Ward,PCEA Ruburi Medical Clinic,lR1PCm5UL5e,PCEA Ruburi Medical Clinic,22489,,,,,
Kenya,Kiambu County,Kiambu Town Sub County,Ndumberi Ward,PEFA Mercy Medical Center,ebXoTw3om83,PEFA Mercy Medical Center,17124,,116,72,452,213
Kenya,Uasin Gishu County,Ainabkoi Sub County,Kaptagat Ward,Plateau Hospital,RpW4L3sZsvi,Plateau Hospital,15464,,21,31,216,134
Kenya,Tharaka Nithi County,Chuka Sub County,Magumoni Ward,Presbyterian Ttc Rubate Health Centre,t1MRzPmOj7Q,Presbyterian Ttc Rubate Health Centre,16233,,,,18,12
Kenya,Muranga County,Kiharu Sub County,Gaturi Ward,Prisca Wakarima (ACK) Dispensary,DEZQa83zRe2,Prisca Wakarima (ACK) Dispensary,16977,,,,,
Kenya,Migori County,Awendo Sub County,North Sakwa Ward,Ranen S.D.A Health Centre,I2z6MT7pHrX,Ranen S.D.A Health Centre,14032,,36,28,256,177
Kenya,Nyamira County,Nyamira Sub County,Nyamaiya Ward,Rangenyo Mission Health Centre,gAm0OAuvKMF,Rangenyo Mission Health Centre,14034,,1,2,8,6
Kenya,Homa Bay County,Rangwe Sub County,East Gem Ward,Rangwe (SDA) Dispensary,qoY3GWB320k,Rangwe (SDA) Dispensary,14035,,7,8,12,16
Kenya,Uasin Gishu County,Kesses Sub County,Racecourse Ward,Rapha Hospital and Clinics,lBkplg4xlzz,Rapha Hospital and Clinics,24639,,20,21,236,245
Kenya,Tharaka Nithi County,Chuka Sub County,Karingani Ward,Redeemed Gospel Church VCT,t2fNRKm5jGR,Redeemed Gospel Church VCT,18822,,,,,
Kenya,Kiambu County,Kikuyu Sub County,Nachu Ward,Renguti (PCEA) Women's Guild Clinic,E6PSP4lfo4x,Renguti (PCEA) Women's Guild Clinic,17373,,,,,
Kenya,Migori County,Suna East Sub County,God Jope Ward,Reusse Troyer Health Centre,uLDWBYdfe6s,Reusse Troyer Health Centre,14043,,,,,
Kenya,Nyamira County,Masaba North Sub County,Gesima Ward,Riakworo Dispensary,fgS43voN3Fx,Riakworo Dispensary,14044,,11,7,105,64
Kenya,Kisii County,Bomachoge Borabu Sub County,Bokimonge Ward,Riokindo Health Centre,Ot3j6QXURjV,Riokindo Health Centre,14052,,5,3,59,30
Kenya,Homa Bay County,Rachuonyo South Sub County,Central Kasipul Ward,Rtc Medical Centre,QtLL3zPlb1l,Rtc Medical Centre,21648,,22,16,182,96
Kenya,Nairobi County,Kasarani Sub County,Ruai Ward,Ruai (SDA) Clinic,c1PbWTHc441,Ruai (SDA) Clinic,18221,,,,,
Kenya,Meru County,Imenti Central Sub County,Abothuguchi Central Ward,Ruiga (MCK) Dispensary,n4HfBx1ownM,Ruiga (MCK) Dispensary,16839,,,,,
Kenya,Meru County,Buuri East Sub County,Ruiru/Rwawera Ward,Ruiri MCK Medical Centre,oINUUX1J8Kr,Ruiri MCK Medical Centre,19129,,,,,
Kenya,Vihiga County,Sabatia Sub County,Wodanga Ward,Sabatia Eye Hospital Mission,V2RIOHHsYjQ,Sabatia Eye Hospital Mission,16097,,,,,
Kenya,Siaya County,Gem Sub County,East Gem Ward,Sagam Community Hospital,cPU7gAlPGs7,Sagam Community Hospital,14064,,16,20,264,135
Kenya,Makueni County,Kilome Sub County,Kima Kiu/Kalanzoni Ward,Salama Baptist Nursing Home,RFEHSIkxpQ1,Salama Baptist Nursing Home,12724,,3,2,18,16
Kenya,Bungoma County,Mt Elgon Sub County,Elgon Ward,Sambocho Health Centre,wvm19W6gCyl,Sambocho Health Centre,21896,,42,44,174,101
Kenya,Nairobi County,Makadara Sub County,Viwandani Ward,SDA Health Services Likoni Road Clinic,mh7nonWWDF6,SDA Health Services Likoni Road Clinic,18593,,3,5,49,65
Kenya,Uasin Gishu County,Soy Sub County,Segeroi/Barsombe Ward,Segero Dispensary (SDA),HWThgwECjg6,Segero Dispensary (SDA),15537,,24,44,130,92
Kenya,West Pokot County,Pokot Central Sub County,Sekerr Ward,Sekerr Dispensary,FLyT7XDQxf6,Sekerr Dispensary,15542,,30,42,90,41
Kenya,Kisii County,Bomachoge Chache Sub County,Bosoti/Sengera Ward,Sengera Health Centre,JPLQJY4Eili,Sengera Health Centre,14076,,9,10,168,87
Kenya,Kiambu County,Kikuyu Sub County,Sigona Ward,Shacolas Orthodox Medical Clinic,vqY3HPqMkjY,Shacolas Orthodox Medical Clinic,21230,,,,,
Kenya,Kakamega County,Butere Sub County,Marama North Ward,Shiraha Health Centre,agO9AbQPxH4,Shiraha Health Centre,16116,,52,21,185,140
Kenya,Nandi County,Chesumei Sub County,Kaptel/Kamoiywo Ward,Sironoi Dispensary,HOVAKqoVVPl,Sironoi Dispensary,17177,,9,4,10,12
Kenya,Narok County,Narok Central Sub County,Melili Ward,Siyiapei (AIC) Dispensary,NM3kYhNWFNs,Siyiapei (AIC) Dispensary,15599,,2,7,22,21
Kenya,Nandi County,Nandi Hills Sub County,Ol'lessos Ward,Sochoi (AIC) Dispensary,cvcxXhY1JFr,Sochoi (AIC) Dispensary,15602,,,,,
Kenya,Bungoma County,Tongaren Sub County,Mbakalo Ward,Soteni Dispensary,EhaAg4fr1zh,Soteni Dispensary,17993,,7,7,42,37
Kenya,Nairobi County,Embakasi East Sub County,Lower Savannah Ward,Soweto Kayole Phc Health Centre,fmLvEUsG5e5,Soweto Kayole Phc Health Centre,13017,,145,103,138,85
Kenya,Muranga County,Kiharu Sub County,Gaturi Ward,St Anne (ACK) Dispensary,F2mSCXoTTzE,St Anne (ACK) Dispensary,11024,,,,,
Kenya,Kirinyaga County,Kirinyaga Central Sub County,Kerugoya Ward,St James Angilcan Church of Kenya Kiaritha Dispensary,eFxoq1iQirb,St James Angilcan Church of Kenya Kiaritha Dispensary,11035,,,,,
Kenya,Kiambu County,Kabete Sub County,Muguga Ward,St John Orthodox Dispensary Kahuho,aiKibcXkbcd,St John Orthodox Dispensary Kahuho,17369,,,,,
Kenya,Kirinyaga County,Kirinyaga Central Sub County,Inoi Ward,St Johns Thaita (ACK) Dispensary,R8hmR2G6pgI,St Johns Thaita (ACK) Dispensary,11040,,,,,
Kenya,Kiambu County,Kabete Sub County,Gitaru Ward,St Joseph (ACK) Kanyariri Dispensary,k9FKlV68YYJ,St Joseph (ACK) Kanyariri Dispensary,17368,,,,,
Kenya,Kilifi County,Kaloleni Sub County,Kaloleni Ward,St Lukes ( ACK) Nursing Home(Kaloleni),Dpo1W5ZFOY0,St Lukes ( ACK) Nursing Home(Kaloleni),11818,,9,24,69,49
Kenya,Kirinyaga County,Kirinyaga East Sub County,Ngariama Ward,St Mary (ACK) Dispensary (Ngariama),ZaBpzheXLrk,St Mary (ACK) Dispensary (Ngariama),11048,,,,,
Kenya,Kirinyaga County,Kirinyaga East Sub County,Kabare Ward,St Mary (ACK) Mugumo Dispensary,EL2RWRacg4V,St Mary (ACK) Mugumo Dispensary,10746,,6,13,120,65
Kenya,Muranga County,Kiharu Sub County,Gaturi Ward,St Paul Kiamuri(ACK) Dispensary,EJugNXshySN,St Paul Kiamuri(ACK) Dispensary,18548,,,,,
Kenya,Kiambu County,Limuru Sub County,Ngecha Tigoni Ward,St Paul University Health Services,vkW4oumgwXp,St Paul University Health Services,11063,,16,17,521,322
Kenya,Kiambu County,Kabete Sub County,Uthiru Ward,St Peter's (ACK) Medical Clinic,ndLPyy5tvyf,St Peter's (ACK) Medical Clinic,11066,,,,,
Kenya,Muranga County,Kiharu Sub County,Gaturi Ward,St Peters Gaitheri (ACK) Dispensary,jWhWAKCXwFg,St Peters Gaitheri (ACK) Dispensary,16978,,,,,
Kenya,Kirinyaga County,Kirinyaga West Sub County,Kariti Ward,St Philips (ACK) Dispensary Ndiriti,xlAF0q9MRPQ,St Philips (ACK) Dispensary Ndiriti,11067,,,,,
Kenya,Kiambu County,Kabete Sub County,Gitaru Ward,St Stephen (ACK) Cura Dispensary,x6p41mEaRCk,St Stephen (ACK) Cura Dispensary,17406,,,,,
Kenya,Siaya County,Ugunja Sub County,Ugunja Ward,St. Paul Methodist Church Clinic,Xac1eOb2dTq,St. Paul Methodist Church Clinic,14123,,5,6,30,11
Kenya,Nyeri County,Nyeri Central Sub County,Gatitu/Muruguru Ward,Sugarbaker Memorial Clinic,YaFxkX8brbt,Sugarbaker Memorial Clinic,16776,,,,,
Kenya,Kitui County,Kitui Central Sub County,Township Ward,Syongila (ACK) Dispensary,hLkFV8Z02ys,Syongila (ACK) Dispensary,12780,,52,63,190,187
Kenya,Narok County,Narok West Sub County,Siana Ward,Talek Health Centre,ukxQvonmMyN,Talek Health Centre,15702,,30,23,254,240
Kenya,Muranga County,Kigumo Sub County,Kangari Ward,Tata Hannah (African Christian Churches and Schools) Dispensary,C4HodXb39u6,Tata Hannah (African Christian Churches and Schools) Dispensary,11086,,,,,
Kenya,Kitui County,Mwingi North Sub County,Kyuso Ward,Tei Wa Yesu Health Centre,s9likQBEhHv,Tei Wa Yesu Health Centre,12789,,24,34,246,116
Kenya,Bomet County,Chepalungu Sub County,Nyangores Ward,Tenwek Hospital Annex (Bomet),sIPPqjV5N2U,Tenwek Hospital Annex (Bomet),24143,,,,,
Kenya,Bomet County,Bomet Central Sub County,Silibwet Township Ward,Tenwek Mission Hospital,XcONFFYJVWE,Tenwek Mission Hospital,15719,,,,,
Kenya,Kericho County,Kipkelion West Sub County,Kipkelion Ward,Tuiyobei AGC Dispensary,W80KJ3JqqUq,Tuiyobei AGC Dispensary,21652,,,,,
Kenya,Marsabit County,Saku Sub County,Marsabit Central Ward,Tumaini Medical Clinic (Marsabit),mumySpVMRiC,Tumaini Medical Clinic (Marsabit),16204,,3,8,45,31
Kenya,Nyeri County,Mathira West Sub County,Kirimukuyu Ward,Tumutumu (PCEA) Hospital,eQ411WldmOy,Tumutumu (PCEA) Hospital,11124,,31,44,499,336
Kenya,Nakuru County,Molo Sub County,Turi Ward,Turi AIC Health Centre,wYcKvbonrgB,Turi AIC Health Centre,18103,,,,,
Kenya,Nakuru County,Molo Sub County,Turi Ward,Turi PCEA Dispensary,hZqDvGaLiEr,Turi PCEA Dispensary,16820,,28,15,75,50
Kenya,Meru County,Imenti South Sub County,Nkuene Ward,Ukuu MCK Dispensary,ZdcJie5EAVP,Ukuu MCK Dispensary,18215,,2,2,28,8
Kenya,Nakuru County,Nakuru West Sub County,Kaptembwo Ward,Upendo (PCEA) Dispensary,el7YrE2B3pK,Upendo (PCEA) Dispensary,18376,,,,,
Kenya,Nairobi County,Ruaraka Sub County,Korogocho Ward,Vision Peoples Inter Health Centre,vrBlqdmJfiM,Vision Peoples Inter Health Centre,13248,,,,,
Kenya,Nakuru County,Nakuru North Sub County,Lanet/Umoja Ward,Wesley Health Centre,ntFlGCG7dUY,Wesley Health Centre,15778,,131,73,308,276
Kenya,Homa Bay County,Rachuonyo South Sub County,West Kamagak Ward,Wire Dispensary,zc2OxGFBTln,Wire Dispensary,14174,,5,4,35,18
Kenya,Kiambu County,Lari Sub County,Lari/Kirenga Ward,Women's Guild (PCEA) Uplands Dispensary,c7dfK8f2Qtk,Women's Guild (PCEA) Uplands Dispensary,17398,,,,,
Kenya,Nairobi County,Langata Sub County,South C Ward,Zinduka Clinic,skyA4GkFQZS,Zinduka Clinic,13262,,,,,
Kenya,Kitui County,Kitui East Sub County,Zombe/Mwitika Ward,Zombe (AIC) Health Centre,qsSIimN71Bx,Zombe (AIC) Health Centre,12860,,24,17,109,47
