Facility Name,Category,Region,County,Beds,Status
Zinduka Clinic,Clinic / Medical Centre,Nairobi Central SE Coast,Nairobi,0,
Wusi-Wutesia (ACK) Dispensary,Dispensary,Nairobi Central SE Coast,Taita Taveta,0,
Women's Guild (PCEA) Uplands Dispensary,Dispensary,Nairobi Central SE Coast,Kiambu,0,
WIRE SDA DISPENSARY OYUGIS,Dispensary,South Rift Nyanza,Homa Bay,0,
Wire Dispensary,Dispensary,South Rift Nyanza,Homa Bay,0,
Wire Adventist Hospital,Hospital,South Rift Nyanza,Homa Bay,0,
WESLEY MISSION CLINIC LANET,Clinic / Medical Centre,Nairobi Central SE Coast,Nakuru,0,
Wesley Health Centre,Health Centre,Nairobi Central SE Coast,Nakuru,0,
Weru Dispensary,Dispensary,Eastern Northeastern,Tharaka Nithi,0,
Weithaga (ACK) Dispensary,Dispensary,Nairobi Central SE Coast,Murang'a,0,
Watamu (SDA) Dispensary,Dispensary,Nairobi Central SE Coast,Kilifi,0,
Vision Peoples Inter Health Centre,Health Centre,,,0,
Vision People's Mission Medical Centre,Clinic / Medical Centre,,,0,
Ukuu MCK Dispensary,Dispensary,Eastern Northeastern,Meru,0,
Tuwan Highway Mission Hospital,Hospital,Western North Rift,Trans Nzoia,0,
Turi (PCEA) Dispensary,Dispensary,Nairobi Central SE Coast,Nakuru,0,
Tumutumu (PCEA) Hospital,Hospital,Nairobi Central SE Coast,Nyeri,0,
Tumaini Mission Hospital,Hospital,Eastern Northeastern,Machakos,0,
TUIYOBEI AGC DISPENSARY,Dispensary,South Rift Nyanza,Kericho,0,
Titila (AIC) Dispensary,Dispensary,Nairobi Central SE Coast,Tana River,0,
Thessalia Dispensary,Dispensary,,,0,
TENWEK HOSPITAL-HEALTH CENTRE KABOSON,Hospital,South Rift Nyanza,Bomet,0,
Tenwek Hospital Annex-Bomet,Hospital,South Rift Nyanza,Bomet,0,
TENWEK HOSPITAL,Hospital,South Rift Nyanza,Bomet,0,
Tei Wa Yesu Medical Centre,Clinic / Medical Centre,,,0,
Tei Wa Yesu Health Centre,Health Centre,Eastern Northeastern,Kitui,0,
TEI WA YESU FAMILY CARE CENTRE,Clinic / Medical Centre,Eastern Northeastern,Kitui,0,
Tata Hannah (African Christian Churches and School,Dispensary,Nairobi Central SE Coast,Murang'a,0,
Talek Dispensary,Dispensary,Nairobi Central SE Coast,Narok,0,
Sugarbaker Memorial Clinic,Clinic / Medical Centre,Nairobi Central SE Coast,Nyeri,0,
Stella Maris Medical Clinic,Clinic / Medical Centre,Nairobi Central SE Coast,Mombasa,0,
St. Pauls University Health Centre,Health Centre,Nairobi Central SE Coast,Kiambu,0,
St. Paul's Methodist Health Centre - Ugunja,Health Centre,Western North Rift,Siaya,0,
St. Mary Magdalene Medical Centre,Clinic / Medical Centre,Eastern Northeastern,Embu,0,
St. Lukes ACK Ogande Dispensary,Dispensary,South Rift Nyanza,Homa Bay,0,
St. Luke's Medical Clinic Olkalau,Clinic / Medical Centre,Nairobi Central SE Coast,Nyandarua,0,
St. Luke's Clinic,Clinic / Medical Centre,,,0,
St. Joseph Kanyariri Dispensary,Dispensary,Nairobi Central SE Coast,Kiambu,0,
St. John's Thaita Dispensary,Dispensary,Nairobi Central SE Coast,Kirinyaga,0,
St. John's Mariene Dispensary,Dispensary,Eastern Northeastern,Meru,0,
St Stephen (ACK) Cura Dispensary,Dispensary,Nairobi Central SE Coast,Kiambu,0,
St Philips (ACK) Dispensary Ndiriti,Dispensary,Nairobi Central SE Coast,Kirinyaga,0,
St Peters Gaitheri (ACK) Dispensary,Dispensary,Nairobi Central SE Coast,Murang'a,0,
St Peters (ACK) Dispensary,Dispensary,Nairobi Central SE Coast,Kiambu,0,
St Peter's (ACK) Medical Clinic-Uthiru,Clinic / Medical Centre,Nairobi Central SE Coast,Nairobi,0,
St Paul Kiamuri (ACK) Dispensary,Dispensary,Nairobi Central SE Coast,Murang'a,0,
St Paul Ithiki (ACK ) Dispensary,Dispensary,,,0,
St Patricks Dispensary,Dispensary,,,0,
St Mary (ACK) Mugumo Dispensary,Dispensary,Nairobi Central SE Coast,Kirinyaga,0,
St Mary (ACK) Dispensary (Ngariama),Dispensary,Nairobi Central SE Coast,Kirinyaga,0,
St Luke's (ACK) Nursing home Kaloleni,Clinic / Medical Centre,Nairobi Central SE Coast,Kilifi,0,
St Joseph's Shelter of Hope,Dispensary,Nairobi Central SE Coast,Taita Taveta,0,
St John Orthodox Dispensary Kahuho,Dispensary,Nairobi Central SE Coast,Kiambu,0,
St James Angilcan Church of Kenya Kiaritha Dispens,Dispensary,Nairobi Central SE Coast,Kirinyaga,0,
St Barnabas Dispensary,Dispensary,South Rift Nyanza,Migori,0,
St Anne (ACK) Dispensary,Dispensary,Nairobi Central SE Coast,Murang'a,0,
SOWETO KAYOLE PRIMARY HEALTH CENTRE,Health Centre,Nairobi Central SE Coast,Nairobi,0,
Soteni Village of Hope Dispensary - Mbakalo,Dispensary,Western North Rift,Bungoma,0,
Siyiapei Dispensary,Dispensary,Nairobi Central SE Coast,Narok,0,
Sironoi Dispensary,Dispensary,,,0,
Shirikisho Methodist Dispensary,Dispensary,Nairobi Central SE Coast,Tana River,0,
Shiraha Health Centre,Health Centre,Western North Rift,Kakamega,0,
Shacolas Orthodox Medical Clinic,Clinic / Medical Centre,Nairobi Central SE Coast,Kiambu,0,
Sekker ELCK Health Centre,Health Centre,Western North Rift,West Pokot,0,
Segero Dispensary,Dispensary,,,0,
SDA Watamu,Clinic / Medical Centre,Nairobi Central SE Coast,Kilifi,0,
SDA Nyamira Conference,Clinic / Medical Centre,South Rift Nyanza,Nyamira,0,
SDA Health Services Likoni Road Clinic,Clinic / Medical Centre,Nairobi Central SE Coast,Nairobi,0,
Salvation Army Kolanya HC,Health Centre,Western North Rift,Busia,0,
Salavation Army Maiani Dispensary,Dispensary,Eastern Northeastern,Makueni,0,
Salama Baptist Nursing Home,Dispensary,Eastern Northeastern,Makueni,0,
Sagam C. Hospital,Hospital,Western North Rift,Siaya,0,
Sabatia Eye Hospital,Hospital,Western North Rift,Vihiga,0,
Ruungu SDA Dispensary,Dispensary,Eastern Northeastern,Tharaka Nithi,0,
Ruongo Dispensary,Dispensary,Eastern Northeastern,Meru,0,
Runguu SDA Dispensary,Dispensary,Eastern Northeastern,Tharaka Nithi,0,
Rumangao Dispensary,Dispensary,Nairobi Central SE Coast,Taita Taveta,0,
Ruiri Methodist Curch Health Centre,Health Centre,Eastern Northeastern,Meru,0,
RUARAKA UHAI NEEMA HOSPITAL,Hospital,Nairobi Central SE Coast,Nairobi,0,
Ruai (SDA) Clinic,Clinic / Medical Centre,Nairobi Central SE Coast,Nairobi,0,
RTC Medical Centre,Hospital,South Rift Nyanza,Homa Bay,0,
RIOKINDO S.D.A DISPENSARY,Dispensary,South Rift Nyanza,Kisii,0,
Riokindo Health Centre,Health Centre,South Rift Nyanza,Kisii,0,
Riakworo Dispensary,Dispensary,South Rift Nyanza,Nyamira,0,
Reusse Troyer Mission Health Centre,Health Centre,South Rift Nyanza,Migori,0,
Renguti (PCEA) Women's Guild Clinic,Clinic / Medical Centre,Nairobi Central SE Coast,Kiambu,0,
Reedemed Gospel Baba Dogo,Health Centre,Nairobi Central SE Coast,Nairobi,0,
RCEA Plateau Mission Hospital,Hospital,Western North Rift,Uasin Gishu,0,
RCEA Ndalat Health Centre,Health Centre,Western North Rift,Nandi,0,
RCEA Maridadi Health Centre,Health Centre,Western North Rift,Trans Nzoia,0,
RCEA Maridadi Dispensary,Dispensary,Western North Rift,Trans Nzoia,0,
RCEA Loyapat Dispensary,Dispensary,Western North Rift,Turkana,0,
RCEA Lokichar Health Centre,Health Centre,Western North Rift,Turkana,0,
RAPHA TOTAL CARE CLINICS,Clinic / Medical Centre,Western North Rift,Uasin Gishu,0,
Rangenyo Health Centre,Health Centre,South Rift Nyanza,Nyamira,0,
Ranen SDA Conference,Clinic / Medical Centre,South Rift Nyanza,Migori,0,
RANEN S.D.A HEALTH CENTRE,Clinic / Medical Centre,South Rift Nyanza,Migori,0,
Ranen Adventist Mission Hospital,Hospital,South Rift Nyanza,Migori,0,
Ranen (SDA) Health Centre,Health Centre,South Rift Nyanza,Migori,0,
Prisca Wakarima (ACK) Dispensary,Dispensary,Nairobi Central SE Coast,Murang'a,0,
Presbyterian Teachers Trining College- Rubate Health Centre,Health Centre,Eastern Northeastern,Tharaka Nithi,0,
Presbyterian Care Centre,Health Centre,Nairobi Central SE Coast,Nakuru,0,
Plateau Hospital,Hospital,Western North Rift,Uasin Gishu,0,
PEFA Mercy Mission Medical Centre,Clinic / Medical Centre,Nairobi Central SE Coast,Nyandarua,0,
PEFA Mercy Medical Centre,Clinic / Medical Centre,Nairobi Central SE Coast,Kiambu,0,
PEFA Mercy,Clinic / Medical Centre,Nairobi Central SE Coast,Kiambu,0,
PCEA Upendo Health Centre,Health Centre,Nairobi Central SE Coast,Nakuru,0,
PCEA Tumutumu School of Nursing,Clinic / Medical Centre,,Nyeri,0,
PCEA TUMUTUMU MISSION HOSPITAL,Hospital,Nairobi Central SE Coast,Nyeri,0,
PCEA Tumutumu Hospital,Hospital,Nairobi Central SE Coast,Nyeri,0,
PCEA School of Health Sciences Rubate,Clinic / Medical Centre,,,0,
PCEA Rigiri Mission Dispensary,Dispensary,Eastern Northeastern,Meru,0,
PCEA PIPELINE CARE CLINIC,Clinic / Medical Centre,Nairobi Central SE Coast,Nairobi,0,
PCEA Ngundu Health Centre,Health Centre,Nairobi Central SE Coast,Kiambu,0,
PCEA Nakuru West Medical College,Medical Training College,Nairobi Central SE Coast,Nakuru,0,
PCEA Mwangaza Dispensary,Dispensary,Nairobi Central SE Coast,Nakuru,0,
PCEA Mau-Summit Health Centre,Health Centre,Nairobi Central SE Coast,Nakuru,0,
PCEA MATHAKWAINI HEALTH CENTRE,Health Centre,Nairobi Central SE Coast,Nyeri,0,
PCEA Makutano Women Guild Dispensary,Dispensary,Western North Rift,Trans Nzoia,0,
PCEA Makupa Medical Clinic,Clinic / Medical Centre,Nairobi Central SE Coast,Mombasa,0,
PCEA Mahiga Dispensary,Dispensary,Nairobi Central SE Coast,Nyeri,0,
PCEA Kikuyu School of Nursing,Clinic / Medical Centre,Nairobi Central SE Coast,Kiambu,0,
PCEA Kikuyu Hospital,Hospital,Nairobi Central SE Coast,Kiambu,0,
PCEA Kiengu Dispensary,Dispensary,Eastern Northeastern,Meru,0,
PCEA Kibwezi Dispensary,Dispensary,Eastern Northeastern,Makueni,0,
PCEA Kayole Parish Health Centre,Health Centre,Nairobi Central SE Coast,Nairobi,0,
PCEA KASASULE HEALTH CLINIC,Clinic / Medical Centre,Eastern Northeastern,Makueni,0,
PCEA Kasasule Health Centre,Health Centre,Eastern Northeastern,Makueni,0,
PCEA Kagai Dispensary,Dispensary,Nairobi Central SE Coast,Nakuru,0,
PCEA Honi Dispensary,Dispensary,Nairobi Central SE Coast,Nyeri,0,
PCEA GANGARA DISPENSARY,Dispensary,Eastern Northeastern,Meru,0,
PCEA Chogoria School of Nursing,Clinic / Medical Centre,Eastern Northeastern,Tharaka Nithi,0,
PCEA CHOGORIA MEDICAL CENTRE,Clinic / Medical Centre,Eastern Northeastern,Tharaka Nithi,0,
PCEA Chogoria Hospital,Hospital,Eastern Northeastern,Tharaka Nithi,0,
PAG Namoruputh Health Centre,Health Centre,Western North Rift,Turkana,0,
PAG Lokwatuba dispensary,Dispensary,Western North Rift,Turkana,0,
Pace Dental Clinic,Clinic / Medical Centre,Nairobi Central SE Coast,Nyandarua,0,
P.C.E.A Ruburi Medical Clinic,Clinic / Medical Centre,Nairobi Central SE Coast,Kiambu,0,
P.C.E.A NJORO HEALTH CENTRE,Health Centre,Nairobi Central SE Coast,Nakuru,0,
P.C.E.A NAKURU WEST HEALTH CENTRE,Health Centre,Nairobi Central SE Coast,Nakuru,0,
P.A.G. (K) MISSION HOSPITAL GOIBEI,Hospital,Western North Rift,Vihiga,0,
Oyani (SDA) Dispensary,Dispensary,South Rift Nyanza,Migori,0,
Our Lady of Mercy (Magumu),Dispensary,Nairobi Central SE Coast,Nyandarua,0,
Orthodox Maternity and Health Centre,Health Centre,Nairobi Central SE Coast,Kiambu,0,
Orthodox Dispensary(Riruta),Dispensary,Nairobi Central SE Coast,Nairobi,0,
Orinie (AIC) Clinic,Clinic / Medical Centre,Nairobi Central SE Coast,Kajiado,0,
Oriang SDA Dispensary,Dispensary,South Rift Nyanza,Homa Bay,0,
Omorembe Sengera Clinic,Clinic / Medical Centre,South Rift Nyanza,Kisii,0,
Olooltoto Dispensary,Dispensary,Nairobi Central SE Coast,Narok,0,
Oljorai Dispensary,Dispensary,Nairobi Central SE Coast,Narok,0,
Olereko Dispensary,Dispensary,Nairobi Central SE Coast,Narok,0,
Olenkasorai Dispensary,Dispensary,Nairobi Central SE Coast,Narok,0,
Olendeem Dispensary,Dispensary,Nairobi Central SE Coast,Narok,0,
Oldonyorok Dispensary,Dispensary,Nairobi Central SE Coast,Narok,0,
Olderkesi Dispensary,Dispensary,Nairobi Central SE Coast,Narok,0,
Olasiti Dispensary,Dispensary,Nairobi Central SE Coast,Narok,0,
Ogada Health Centre,Health Centre,South Rift Nyanza,Migori,0,
Oasis Medical Centre,Clinic / Medical Centre,Nairobi Central SE Coast,Coast,0,
Oasis Medical Center,Clinic / Medical Centre,Nairobi Central SE Coast,Kilifi,0,
Nzoia ACK Dispensary,Dispensary,Western North Rift,Kakamega,0,
Nyasore Dispensary,Dispensary,South Rift Nyanza,Kisii,0,
Nyandarua Medical Centre,Clinic / Medical Centre,Nairobi Central SE Coast,Nyandarua,0,
Nyanchwa School of Nursing,Clinic / Medical Centre,South Rift Nyanza,Kisii,0,
Nyanchwa Hospital,Hospital,South Rift Nyanza,Kisii,0,
NYANCHWA ADVENTIST MISSION HOSPITAL,Hospital,South Rift Nyanza,Kisii,0,
Nyamira Adventist Health Centre,Health Centre,South Rift Nyanza,Nyamira,0,
Nyamakoroto Dispensary,Dispensary,South Rift Nyanza,Nyamira,0,
Nyagowa Elck Dispensary,Dispensary,South Rift Nyanza,Homa Bay,0,
NYAGICHENCHE S.D.A DISPENSARY,Dispensary,South Rift Nyanza,Kisii,0,
Nyagichenche (SDA) Dispensary,Dispensary,,,0,
Nyagesenda Dispensary,Dispensary,South Rift Nyanza,Kisii,0,
Nyagani Dispensary,Dispensary,Eastern Northeastern,Tharaka Nithi,0,
Nyachogochogo Dispensary,Dispensary,South Rift Nyanza,Mombasa,0,
Nyabikomu Dispensary,Dispensary,South Rift Nyanza,Nyamira,0,
NYABIKAYE SDA MEDICAL CENTRE,Clinic / Medical Centre,South Rift Nyanza,Migori,0,
Nyabikaye SDA Health Centre,Health Centre,South Rift Nyanza,Migori,0,
Nuru Lutheran Media Ministry,Dispensary,Nairobi Central SE Coast,Nairobi,0,
Nolasit Dispensary,Dispensary,Nairobi Central SE Coast,Kajiado,0,
Nkararo Health Centre,Health Centre,Nairobi Central SE Coast,Narok,0,
Nkacii Dispensary,Dispensary,Eastern Northeastern,Meru,0,
Njoro (PCEA) Dispensary,Dispensary,Nairobi Central SE Coast,Nakuru,0,
Ngwelo Dispensary,Dispensary,Western North Rift,Bungoma,0,
NGOTSE MISSION HEALTH CENTRE,Health Centre,Western North Rift,Kakamega,0,
NGOSWANI COMMUNITY HEALTH CENTER,Health Centre,Nairobi Central SE Coast,Narok,0,
Ngito Dispensary,Dispensary,Nairobi Central SE Coast,Narok,0,
Ngeru Dispensary,Dispensary,Eastern Northeastern,Tharaka Nithi,0,
Ngelani AIC Dispensary,Dispensary,Eastern Northeastern,Machakos,0,
Ngecha Orthodox Dispensary,Dispensary,Nairobi Central SE Coast,Kiambu,0,
Ngarariga Health Centre,Health Centre,Nairobi Central SE Coast,Kiambu,0,
NG'IYA HEALTH CENTRE,Health Centre,Western North Rift,Siaya,0,
Neema Hospital (Ruiru),Hospital,Nairobi Central SE Coast,Kiambu,0,
Neema Hospital,Hospital,Nairobi Central SE Coast,Nairobi,0,
Nduriri (AIC) Dispensary,Dispensary,Nairobi Central SE Coast,Kiambu,0,
Ndumari Dispensary,Dispensary,Eastern Northeastern,Embu,0,
Ndumari Dispensary,Dispensary,Eastern Northeastern,Tharaka Nithi,0,
Nderema Dispensary,Dispensary,South Rift Nyanza,Nyamira,0,
Ndarugu (PCEA) Dispensary,Dispensary,Nairobi Central SE Coast,Nakuru,0,
Nasolot Dispensary,Dispensary,Western North Rift,West Pokot,0,
Namarei Dispensary (Marsabit South),Dispensary,Eastern Northeastern,Marsabit,0,
Nakuru West (PCEA) Health Centre,Health Centre,Nairobi Central SE Coast,Nakuru,0,
Naivasha (AIC) Medical Centre,Health Centre,Nairobi Central SE Coast,Nakuru,0,
Nairobi Adventist Hospital,Hospital,Nairobi Central SE Coast,Nairobi,0,
NAIKARRA HEALTH CENTRE,Health Centre,Nairobi Central SE Coast,Narok,0,
Naikarra Dispensary,Dispensary,Nairobi Central SE Coast,Narok,0,
Mwina Methodist Dispensary,Dispensary,Nairobi Central SE Coast,Tana River,0,
Mwihila Mission Hospital,Hospital,Western North Rift,Kakamega,0,
Mwangaza Ulio na Tumaini Clinic Korogocho,Clinic / Medical Centre,Nairobi Central SE Coast,Nairobi,0,
Mutukanio ACK Dispensary,Dispensary,Nairobi Central SE Coast,Nakuru,0,
Mutira (ACK) Dispensary,Dispensary,Nairobi Central SE Coast,Kirinyaga,0,
Mutindwa Dispensary,Dispensary,Eastern Northeastern,Tharaka Nithi,0,
Muthithi Dispensary,Dispensary,Nairobi Central SE Coast,Murang'a,0,
Muthithi (PCEA) Dispensary,Dispensary,Nairobi Central SE Coast,Murang'a,0,
Musoa SDA Dispensary,Dispensary,Eastern Northeastern,Makueni,0,
Musango GPC Clinic,Clinic / Medical Centre,Western North Rift,Kakamega,0,
Musango Dispensary,Dispensary,Western North Rift,Kakamega,0,
Musanda Dispensary,Dispensary,Western North Rift,Kakamega,0,
Murengeti PCEA Dispensary,Dispensary,Nairobi Central SE Coast,Kiambu,0,
Murambani Dispensary,Dispensary,Eastern Northeastern,Tharaka Nithi,0,
Munyange (AIPCA) Dispensary,Dispensary,Nairobi Central SE Coast,Nyeri,0,
Mununga Dispensary,Dispensary,Nairobi Central SE Coast,Murang'a,0,
Mundoli Health Centre,Health Centre,Western North Rift,Kakamega,0,
Mumo Dispensary,Dispensary,,,0,
Mulwanda Dispensary,Dispensary,Western North Rift,Kakamega,0,
Mukuuni Dispensary,Dispensary,Eastern Northeastern,Tharaka Nithi,0,
Mukurwe (PCEA) Medical Clinic,Clinic / Medical Centre,Nairobi Central SE Coast,Kiambu,0,
Mukhombe Dispensary,Dispensary,Western North Rift,Kakamega,0,
Mukeu (AIC) Dispensary,Dispensary,Nairobi Central SE Coast,Nyandarua,0,
Muhuru Bay St. Hellen Clinic,Clinic / Medical Centre,South Rift Nyanza,Migori,0,
Mugutha SDA Dispensary,Dispensary,Nairobi Central SE Coast,Kiambu,0,
Mugona Methodist Dispensary,Dispensary,Eastern Northeastern,Meru,0,
Mt Kenya (ACK) Hospital,Hospital,Nairobi Central SE Coast,Kirinyaga,0,
Monianku Health Centre,Health Centre,South Rift Nyanza,Kisii,0,
Mombasa Mobile Clinic,Dispensary,Nairobi Central SE Coast,Mombasa,0,
Molo Full Gospel Medical Centre,Clinic / Medical Centre,Nairobi Central SE Coast,Nakuru,0,
MOHETO UNITED METHODIST MISSION HEALTH CENTRE,Health Centre,South Rift Nyanza,Migori,0,
Mission Of Mercy Medical Clinic,Hospital,Nairobi Central SE Coast,Narok,0,
Mission Of Mercy Hospital,Clinic / Medical Centre,Western North Rift,Bungoma,0,
Minugu Dispensary,Dispensary,Eastern Northeastern,Tharaka Nithi,0,
Mihuti Dispensary (Muranga North),Dispensary,Nairobi Central SE Coast,Murang'a,0,
Methodist Treatment and Rehabilitation Centre,Dispensary,Eastern Northeastern,Meru,0,
MERCY MISSION HOSPITAL,Clinic / Medical Centre,Western North Rift,Baringo,0,
Mercy Health Centre,Health Centre,Western North Rift,Uasin Gishu,0,
Meguara Dispensary,Dispensary,Nairobi Central SE Coast,Narok,0,
MCK St. Marks Kariene Dispensary,Dispensary,Eastern Northeastern,Meru,0,
Mbwinjeru Methodist Dispensary,Dispensary,Eastern Northeastern,Meru,0,
Mbooni AIC Dispensary,Dispensary,Eastern Northeastern,Makueni,0,
Maua Methodist MTC,Clinic / Medical Centre,Eastern Northeastern,Meru,0,
Maua Methodist Hospital,Hospital,Eastern Northeastern,Meru,0,
Matutu Dispensary,Dispensary,South Rift Nyanza,Nyamira,0,
Matongo Health Centre,Health Centre,South Rift Nyanza,Nyamira,0,
Matata Mission Hospital,Hospital,South Rift Nyanza,Homa Bay,0,
Matare SDA Mission Dispensary,Dispensary,South Rift Nyanza,Migori,0,
MATANGWE COMMUNITY HEALTH & DEV PROGRAM,Clinic / Medical Centre,Western North Rift,Siaya,0,
Maseno Mission Hospital,Hospital,Western North Rift,Kisumu,0,
Marynoll Dispensary,Dispensary,Nairobi Central SE Coast,Tana River,0,
Mary Finch Dispensary,Dispensary,South Rift Nyanza,Kericho,0,
Marich RCEA Dispensary,Dispensary,Western North Rift,West Pokot,0,
Mararianta Health Centre,Health Centre,Nairobi Central SE Coast,Narok,0,
Manyatta SDA Dispensary,Dispensary,South Rift Nyanza,Homa Bay,0,
Manyatta (SDA) Dispensary,Dispensary,South Rift Nyanza,Homa Bay,0,
Mangima SDA Health Centre,Health Centre,South Rift Nyanza,Homa Bay,0,
Mama Rael Memorial Health Centre,Health Centre,Eastern Northeastern,Meru,0,
Maliera SDA Dispensary,Dispensary,Western North Rift,Siaya,0,
Malanga (AIC) Dispensary,Dispensary,Nairobi Central SE Coast,Kilifi,0,
Makandune Dispensary,Dispensary,Eastern Northeastern,Meru,0,
Maji Moto Dispensary,Dispensary,Nairobi Central SE Coast,Narok,0,
Mahiga (PCEA) Dispensary,Dispensary,Nairobi Central SE Coast,Nyeri,0,
Magwagwa (SDA) Dispensary,Dispensary,South Rift Nyanza,Nyamira,0,
Magenka Dispensary,Dispensary,Eastern Northeastern,Tharaka Nithi,0,
Machwele Dispensary,Dispensary,Western North Rift,Bungoma,0,
Loltulelei Friends Dispensary,Dispensary,Eastern Northeastern,Samburu,0,
Logologo AIC Dispensary,Dispensary,Eastern Northeastern,Marsabit,0,
Loglogo Health Centre,Health Centre,,,0,
Living Room International,Hospital,Western North Rift,Uasin Gishu,0,
Live With Hope,Dispensary,South Rift Nyanza,Kericho,0,
Lirhanda Mission Health Centre,Health Centre,Western North Rift,Kakamega,0,
Lions Ngoswani Community Maternity and Child Hospital,Clinic / Medical Centre,Nairobi Central SE Coast,Narok,0,
Light House for Christ Hospital,Hospital,Nairobi Central SE Coast,Mombasa,0,
LIGHT HOUSE FOR CHRIST EYE CENTRE,Clinic / Medical Centre,Nairobi Central SE Coast,Mombasa,0,
Life Care Ministry Clinic,Clinic / Medical Centre,Nairobi Central SE Coast,Kiambu,0,
Life Care Ministries Clinic,Clinic / Medical Centre,,,0,
Lavington United Church Urafiki Disp.,Health Centre,Nairobi Central SE Coast,Nairobi,0,
Lankia (PCEA) Dispensary,Dispensary,Nairobi Central SE Coast,Kiambu,0,
Langas RCEA Health Center,Health Centre,Western North Rift,Uasin Gishu,0,
LANGAS RACECOURSE NURSING HOME,Clinic / Medical Centre,Western North Rift,Uasin Gishu,0,
Kyumbe Dispensary,Dispensary,Eastern Northeastern,Makueni,0,
Kyome AIC Dispensary,Dispensary,Eastern Northeastern,Kitui,0,
KOPANGA METHODIST DISPENSARY,Dispensary,South Rift Nyanza,Migori,0,
Kopanga Dispensary,Dispensary,South Rift Nyanza,Migori,0,
Komolion Dispensary,Dispensary,,,0,
Koloch Mission Dispensary,Dispensary,Western North Rift,Nandi,0,
KOLANYA SALVATION ARMY HEALTH CENTRE,Health Centre,Western North Rift,Busia,0,
Kolanya Health Centre (Salvation Army),Health Centre,Western North Rift,Busia,0,
Kokwototo Dispensary,Dispensary,,,0,
Kiu AIC Dispensary,Dispensary,Eastern Northeastern,Makueni,0,
Kitundu SDA Dispensary,Dispensary,Eastern Northeastern,Makueni,0,
KITUNDU ADVENTIST HEALTH CENTER,Health Centre,Eastern Northeastern,Makueni,0,
Kiserian Dispensary,Dispensary,Nairobi Central SE Coast,Kajiado,0,
Kirogine Dispensary,Dispensary,Eastern Northeastern,Meru,0,
Kiriribu dispensary,Dispensary,Eastern Northeastern,Tharaka Nithi,0,
Kirinton Dispensary,Dispensary,Nairobi Central SE Coast,Narok,0,
Kirigi Dispensary,Dispensary,Eastern Northeastern,Embu,0,
Kiriani dispensary,Dispensary,Eastern Northeastern,Tharaka Nithi,0,
Kipsitet Baptist Dispensary,Dispensary,South Rift Nyanza,Kericho,0,
Kipsigon Health Centre,Health Centre,Western North Rift,Bungoma,0,
Kiplombe Dispensary,Dispensary,,,0,
Kinyona Dispensary,Dispensary,,,0,
Kings Medical Clinic,Clinic / Medical Centre,,,0,
Kimunyu (PCEA) Dispensary,Dispensary,Nairobi Central SE Coast,Kiambu,0,
Kimng'oror Health Centre,Health Centre,Western North Rift,Nandi,0,
Kimende Orthodox Mission Health Centre,Health Centre,Nairobi Central SE Coast,Kiambu,0,
Kimangaru Methodist Dispensary,Dispensary,Eastern Northeastern,Embu,0,
Kima Mission Hospital,Hospital,Western North Rift,Vihiga,0,
Kiligoris COG Dispensary,Dispensary,Nairobi Central SE Coast,Narok,0,
Kikuyu (PCEA) Hospital,Hospital,Nairobi Central SE Coast,Kiambu,0,
Kijabe (AIC) Hospital Marira Medical Clinic,Clinic / Medical Centre,Nairobi Central SE Coast,Kiambu,0,
Kijabe (AIC) Hospital,Hospital,Nairobi Central SE Coast,Kiambu,0,
KIHUMBU-INI PCEA CHURCH CLINIC,Dispensary,Nairobi Central SE Coast,Murang'a,0,
Kihumbu-ini Dispensary,Dispensary,Nairobi Central SE Coast,Murang'a,0,
Kigumo Dispensary,Dispensary,Eastern Northeastern,Embu,0,
Kigogo EAPC Dispensary,Dispensary,Eastern Northeastern,Tharaka Nithi,0,
Kiereni Dispensary,Dispensary,Eastern Northeastern,Tharaka Nithi,0,
Kieni Dispensary,Dispensary,Eastern Northeastern,Tharaka Nithi,0,
Kichaka Simba Dispensary,Dispensary,Nairobi Central SE Coast,Kwale,0,
Kibini Hill (PCEA) Dispensary,Dispensary,Nairobi Central SE Coast,Kajiado,0,
Kibera Chemi Chemi Ya Uzima Clinic,Clinic / Medical Centre,Nairobi Central SE Coast,Nairobi,0,
Kiaruhiu (PCEA) Health Centre,Health Centre,Nairobi Central SE Coast,Nyeri,0,
Kianjokoma Trinity Health Centre,Health Centre,Eastern Northeastern,Embu,0,
Kiang'ondu Dispensary,Dispensary,Eastern Northeastern,Tharaka Nithi,0,
Kiandegwa (Methodist Church of Kenya) Dispensary,Dispensary,Nairobi Central SE Coast,Kirinyaga,0,
Kiamuriuki Dispensary,Dispensary,Eastern Northeastern,Tharaka Nithi,0,
Kiamiriru Methodist Dispensary,Dispensary,Eastern Northeastern,Meru,0,
Kiamagunyi (ACK) Clinic,Clinic / Medical Centre,Nairobi Central SE Coast,Kirinyaga,0,
Kiairugu Dispensary,Dispensary,Eastern Northeastern,Tharaka Nithi,0,
KEYIAN SDA MEDICAL CENTRE,Clinic / Medical Centre,Nairobi Central SE Coast,Narok,0,
Keyian Medical Center,Clinic / Medical Centre,Nairobi Central SE Coast,Narok,0,
Kerudo Mobile Clinic,Clinic / Medical Centre,,,0,
Kenya Methodist University H/C,Health Centre,Eastern Northeastern,Meru,0,
KENYA COMMUNITY HEALTH CLINIC MCK CIOTHIRAI,Clinic / Medical Centre,Eastern Northeastern,Meru,0,
Kendu Adventist School of Nursing,Clinic / Medical Centre,South Rift Nyanza,Homa Bay,0,
Kendu Adventist Hospital,Hospital,South Rift Nyanza,Homa Bay,0,
KEMU Medical Centre,Clinic / Medical Centre,Eastern Northeastern,Meru,0,
Kemera Dispensary (Manga),Dispensary,South Rift Nyanza,Nyamira,0,
Kebeneti SDA Dispensary,Dispensary,South Rift Nyanza,Kericho,0,
Kebeneti (SDA) Health Centre,Health Centre,South Rift Nyanza,Kericho,0,
Kathigu Dispensary,Dispensary,Eastern Northeastern,Meru,0,
Kathera Dispensary,Dispensary,Eastern Northeastern,Meru,0,
Karimba Dispensary,Dispensary,Eastern Northeastern,Tharaka Nithi,0,
Karia Dispensary,Dispensary,Eastern Northeastern,Meru,0,
Karandini Medical Clinic,Clinic / Medical Centre,Eastern Northeastern,Tharaka Nithi,0,
Karaini (ACK) Dispensary,Dispensary,Nairobi Central SE Coast,Kirinyaga,0,
Kapweria Dispensary,Dispensary,Nairobi Central SE Coast,Narok,0,
Kaptama Mission Health Centre,Health Centre,Western North Rift,Bungoma,0,
Kapkitony Dispensary,Dispensary,,,0,
Kangundo Reedemed Medical Clinic,Clinic / Medical Centre,,,0,
Kamung'ang'a (ACK) Dispensary,Dispensary,Nairobi Central SE Coast,Murang'a,0,
Kamreri Dispensary,Dispensary,,,0,
Kamburu (PCEA) Dispensary,Dispensary,Nairobi Central SE Coast,Kiambu,0,
Kambui (PCEA) Dispensary,Dispensary,Nairobi Central SE Coast,Kiambu,0,
Kambandi Dispensary,Dispensary,Eastern Northeastern,Tharaka Nithi,0,
Kamasengere Baptist Dispensary,Dispensary,South Rift Nyanza,Homa Bay,0,
Kamagambo Adventist Dispensary,Dispensary,South Rift Nyanza,Migori,0,
Kalacha (AIC) Dispensary,Dispensary,Eastern Northeastern,Marsabit,0,
Kajiampau Dispensary,Dispensary,Eastern Northeastern,Tharaka Nithi,0,
Kajiado Christian Medical Centre,Clinic / Medical Centre,Nairobi Central SE Coast,Kajiado,0,
Kajiado (AIC) Dispensary,Dispensary,Nairobi Central SE Coast,Kajiado,0,
Kaigat SDA Health Centre,Health Centre,Western North Rift,Nandi,0,
KAIBOI MISSION HEALTH CENTRE,Health Centre,Western North Rift,Nandi,0,
Kahuhia (ACK) Clinic,Clinic / Medical Centre,Nairobi Central SE Coast,Murang'a,0,
Kager Dispensary,Dispensary,South Rift Nyanza,Homa Bay,0,
KAG Sombo Dispensary,Dispensary,Nairobi Central SE Coast,Tana River,0,
KAG Moyale Mission Clinic,Clinic / Medical Centre,Eastern Northeastern,Marsabit,0,
KAG Meru Medical Clinic,Clinic / Medical Centre,Eastern Northeastern,Meru,0,
KAG Bahati Medical Centre,Clinic / Medical Centre,Nairobi Central SE Coast,Nairobi,0,
Kaboson Health Centre,Health Centre,South Rift Nyanza,Bomet,0,
Kabokyek SDA Dispensary,Dispensary,South Rift Nyanza,Kericho,0,
Kabarak University,University,Nairobi Central SE Coast,Nakuru,0,
Kaare Dispensary,Dispensary,Eastern Northeastern,Tharaka Nithi,0,
Kaanwa Dispensary,Dispensary,Eastern Northeastern,Tharaka Nithi,0,
Jumuia Huruma Hospital,Dispensary,Nairobi Central SE Coast,Nairobi,0,
Jumuia Friends Hospita Kaimosi,Hospital,Western North Rift,Vihiga,0,
Jesse Kay Childrens Hospital,Hospital,Nairobi Central SE Coast,Nairobi,0,
Jesmond (ACK) Dispensary (Mburi),Dispensary,Nairobi Central SE Coast,Kirinyaga,0,
IVC Mlimani Hospital,Hospital,Western North Rift,Uasin Gishu,0,
Itungururu Disp.,Dispensary,Eastern Northeastern,Tharaka Nithi,0,
Itierio Nursing Home,Clinic / Medical Centre,South Rift Nyanza,Kisii,0,
Itibo Mission Adventist Hospital,Health Centre,South Rift Nyanza,Nyamira,0,
Italale Dispensary,Dispensary,Western North Rift,Trans Nzoia,0,
Iriga Dispensary,Dispensary,Eastern Northeastern,Tharaka Nithi,0,
Integrated Vision Centre Milimani Mission Hospital,Hospital,Western North Rift,Uasin Gishu,0,
Ingotse Health Centre,Health Centre,Western North Rift,Kakamega,0,
IMPACT HEALTHCARE ANNEX,Health Centre,Nairobi Central SE Coast,Nakuru,0,
Impact Health Care,Clinic / Medical Centre,Nairobi Central SE Coast,Nakuru,0,
IMARA HEALTHCARE CENTRE,Clinic / Medical Centre,Nairobi Central SE Coast,Nairobi,0,
Imara Health Centre,Health Centre,Nairobi Central SE Coast,Nairobi,0,
Illaut Lutherand dispensary,Dispensary,Eastern Northeastern,Marsabit,0,
Ilcharituyiani Dispensary,Dispensary,Nairobi Central SE Coast,Narok,0,
Ikumbo Dispensary,Dispensary,Eastern Northeastern,Tharaka Nithi,0,
Ikomero Dispensary,Dispensary,,,0,
IcFEM Dreamland Mission Hospital,Hospital,Western North Rift,Bungoma,0,
Health Charge Medical Centre,Clinic / Medical Centre,Nairobi Central SE Coast,Kirinyaga,0,
Hamisi Baptist Clinic,Clinic / Medical Centre,Western North Rift,Vihiga,0,
Great Commission Medical Clinic,Clinic / Medical Centre,Nairobi Central SE Coast,Nakuru,0,
Grace Medical Centre,Clinic / Medical Centre,Nairobi Central SE Coast,Kajiado,0,
Gituru Dispensary,Dispensary,,,0,
Gituamba (AIPCA) Dispensary,Dispensary,Nairobi Central SE Coast,Murang'a,0,
Githumu Hospital,Hospital,Nairobi Central SE Coast,Murang'a,0,
Githanga ACK Dispensary,Dispensary,Nairobi Central SE Coast,Nyeri,0,
Gionseri SDA Dispensary,Dispensary,South Rift Nyanza,Kisii,0,
Gietai (AIC) Dispensary,Dispensary,South Rift Nyanza,Nyamira,0,
Getongoroma Health Centre,Health Centre,South Rift Nyanza,Migori,0,
Gesusu SDA Dispensary,Dispensary,South Rift Nyanza,Kisii,0,
GESUSU ADVENTIST MISSION HOSPITAL,Hospital,South Rift Nyanza,Kisii,0,
Gatundune Dispensary,Dispensary,Eastern Northeastern,Meru,0,
GATUMBI SDA DISPENSARY,Dispensary,Nairobi Central SE Coast,Kirinyaga,0,
Gatumbi (SDA) Dispensary,Dispensary,Nairobi Central SE Coast,Kirinyaga,0,
Gathiruini (PCEA) Dispensary,Dispensary,Nairobi Central SE Coast,Kiambu,0,
Gatab Health Centre,Health Centre,Eastern Northeastern,Marsabit,0,
Gangara Dispensary,Dispensary,Eastern Northeastern,Meru,0,
Gaitu Dispensary,Dispensary,Eastern Northeastern,Meru,0,
FUTURE LIFE COMMUNITY NURSING HOME,Clinic / Medical Centre,Western North Rift,Siaya,0,
FULL GOSPEL CHURCHES OF KENYA - MOLO MEDICAL CENT,Clinic / Medical Centre,Nairobi Central SE Coast,Nakuru,0,
Friends Lugulu Mission Hospital,Hospital,Western North Rift,Bungoma,0,
Friends Chwele Mission Dispensary,Dispensary,Western North Rift,Bungoma,0,
FRIENDS CHURCH SABATIA EYE HOSPITAL,Hospital,Western North Rift,Vihiga,0,
FPFK NYAMBARE MISSION HOSPITAL,Hospital,Western North Rift,Siaya,0,
FPFK Nyambare Health Centre,Health Centre,Western North Rift,Siaya,0,
Fountain Mission Medical Centre,Clinic / Medical Centre,Nairobi Central SE Coast,Narok,0,
Fountain Medical Clinic,Clinic / Medical Centre,Nairobi Central SE Coast,Nakuru,0,
Ewaso Ngiro Health Centre,Health Centre,Nairobi Central SE Coast,Narok,0,
Ethi Dispensary,Dispensary,Nairobi Central SE Coast,Laikipia,0,
Eshikhangi Dispensary,Dispensary,Western North Rift,Kakamega,0,
Eronge Health Centre,Health Centre,South Rift Nyanza,Nyamira,0,
Engos Health Centre Africa Mission Services,Health Centre,Nairobi Central SE Coast,Narok,0,
Endonyo Erinka Dispensary,Dispensary,Nairobi Central SE Coast,Narok,0,
Emurua Dikirr Dispensary,Dispensary,Nairobi Central SE Coast,Narok,0,
Emunuku Baptist Dispensary,Dispensary,Western North Rift,Kakamega,0,
Emmanuel Kigari Dispensary,Dispensary,Eastern Northeastern,Embu,0,
Eldoret Rapha Medical Centre,Clinic / Medical Centre,Western North Rift,Uasin Gishu,0,
Elburgon (PCEA) Dispensary,Dispensary,Nairobi Central SE Coast,Nakuru,0,
EA Baraton,Clinic / Medical Centre,,,0,
DVC EA Baraton University,University,,,0,
DVC Academic St Paul's,Clinic / Medical Centre,,,0,
DOPHIL NURSING & MATERNITY HOME NOMIYA FAITH BASE,Clinic / Medical Centre,Western North Rift,Siaya,0,
Dophil Mission Hospital,Hospital,Western North Rift,Siaya,0,
Dolphil Nursing & Maternity Home,Clinic / Medical Centre,Western North Rift,Siaya,0,
Dean St Paul's Univerisity,Clinic / Medical Centre,,,0,
Daba (AIC) Dispensary,Dispensary,Nairobi Central SE Coast,Tana River,0,
Cure (AIC) International Hospital,Hospital,Nairobi Central SE Coast,Kiambu,0,
Cura (ACK) Medical Clinic,Clinic / Medical Centre,Nairobi Central SE Coast,Kiambu,0,
Coptic Medical Clinic,Clinic / Medical Centre,Nairobi Central SE Coast,Nairobi,0,
Coptic Hospital (Ngong Road),Hospital,Nairobi Central SE Coast,Nairobi,0,
Conerstone Clinic,Clinic / Medical Centre,Nairobi Central SE Coast,Nairobi,0,
COG Mwihilia Mission Hospital,Hospital,Western North Rift,Kakamega,0,
Church Army Medical Centre,Clinic / Medical Centre,Nairobi Central SE Coast,Nairobi,0,
Christian Mission International Sambocho Health Centre,Health Centre,Western North Rift,Bungoma,0,
CHRISTIAN COMMUNITY SERVICES MAYORI DISPENSARY,Dispensary,Eastern Northeastern,Embu,0,
Christian Community Services Clinic Base Kerugoya,Clinic / Medical Centre,Nairobi Central SE Coast,Kirinyaga,0,
Chogoria PCEA Hospital,Hospital,Eastern Northeastern,Tharaka Nithi,0,
Chogoria Hospital Chuka Medical Centre,Clinic / Medical Centre,Eastern Northeastern,Tharaka Nithi,0,
Chesta ELCK Health Centre,Health Centre,Western North Rift,West Pokot,0,
Chesinende (Elck) Dispensary,Dispensary,South Rift Nyanza,Kericho,0,
Cheptais Dispensary,Dispensary,Western North Rift,Bungoma,0,
Cheppemma (AIC) Dispensary,Dispensary,Nairobi Central SE Coast,Nakuru,0,
Chepnyal AGC Dispensary,Dispensary,Western North Rift,West Pokot,0,
Chepareria SDA Dispensary,Dispensary,Western North Rift,West Pokot,0,
CHEBWAI SDA RURAL HEATH CENTRE,Clinic / Medical Centre,Western North Rift,Kakamega,0,
Chebwai SDA Dispensary,Dispensary,Western North Rift,Kakamega,0,
Chamasir Dispensary,Dispensary,Western North Rift,Busia,0,
CCS Mitunguu Medical Clinic,Clinic / Medical Centre,Eastern Northeastern,Meru,0,
CCS Mayori-Kiritiri Dispensary,Dispensary,Eastern Northeastern,Embu,0,
CCS Mayori Dispensary (Kiritiri),Dispensary,Eastern Northeastern,Embu,0,
CCS Maua Medical Centre,Clinic / Medical Centre,Eastern Northeastern,Meru,0,
CCS Marsabit Clinic/Also known as Tumaini Medical Centre Marsabit,Clinic / Medical Centre,Eastern Northeastern,Marsabit,0,
CCS Macumo Clinic,Clinic / Medical Centre,Eastern Northeastern,Embu,0,
Cascade of Hope Health Centre,Health Centre,Nairobi Central SE Coast,Nairobi,0,
Cargo Human Care Clinic,Clinic / Medical Centre,Nairobi Central SE Coast,Kiambu,0,
Canaan (ACK) Medical Clinic,Clinic / Medical Centre,Nairobi Central SE Coast,Nakuru,0,
Cana Family Clinic and Resource Centre,Clinic / Medical Centre,Nairobi Central SE Coast,Nairobi,0,
Bushiangala Mission Health Centre,Health Centre,Western North Rift,Kakamega,0,
Bukwala SDA Dispensary,Dispensary,Western North Rift,Kakamega,0,
Bomet Youth Centre,Health Centre,South Rift Nyanza,Bomet,0,
BIRIBIRIET A.I.C DISPENSARY,Dispensary,Western North Rift,Trans Nzoia,0,
Bibirioni Health Centre,Health Centre,Nairobi Central SE Coast,Kiambu,0,
Better Living SDA Hospital,Hospital,Nairobi Central SE Coast,Nairobi,0,
BETTER LIVING HOSPITAL,Hospital,Nairobi Central SE Coast,Nairobi,0,
Bethany Dispensary,Dispensary,Nairobi Central SE Coast,Kwale,0,
BERIL\'S GWP MEDICAL CENTER,Clinic / Medical Centre,South Rift Nyanza,Homa Bay,0,
Beacon of Hope Hospital,Hospital,Nairobi Central SE Coast,Kajiado,0,
Beacon of Hope,Dispensary,Nairobi Central SE Coast,Kajiado,0,
Baraton Jeremic Community Medical Centre,Clinic / Medical Centre,Western North Rift,Nandi,0,
Athiru Gaitu Dispensary,Dispensary,Eastern Northeastern,Meru,0,
Atemo Health Centre,Health Centre,South Rift Nyanza,Homa Bay,0,
ARROR HEALTH CENTRE,Health Centre,Western North Rift,Elgeyo Marakwet,0,
Aro SDA Dispensary,Dispensary,Western North Rift,Siaya,0,
ANGLICAN DEVELOPMENT SERVICES,Clinic / Medical Centre,Nairobi Central SE Coast,Kirinyaga,0,
AMI RUHAMA CHURCH WARABA MEDICAL CENTRE,Clinic / Medical Centre,Western North Rift,Bungoma,0,
Alale AIC Health Centre,Health Centre,Western North Rift,West Pokot,0,
Aitong Health Centre,Health Centre,Nairobi Central SE Coast,Narok,0,
AIPCA NAKURU WEST MEDICAL CLINIC,Clinic / Medical Centre,Nairobi Central SE Coast,Nakuru,0,
AIC Zombe Health Centre,Health Centre,Eastern Northeastern,Kitui,0,
AIC Zion Medical Clinic,Clinic / Medical Centre,Nairobi Central SE Coast,Nairobi,0,
AIC Wajir Dispensary,Dispensary,Eastern Northeastern,Wajir,0,
AIC Turi Health Centre,Health Centre,Nairobi Central SE Coast,Nakuru,0,
AIC Sochoi Dispensary,Dispensary,Western North Rift,Nandi,0,
AIC Olasiti HC,Health Centre,Nairobi Central SE Coast,Narok,0,
AIC Nyakach Dispensary,Dispensary,Western North Rift,Kisumu,0,
AIC Natiira dispensary,Dispensary,Western North Rift,Turkana,0,
AIC Nanam health Centre,Health Centre,Western North Rift,Turkana,0,
AIC Mununga Dispensary,Dispensary,Nairobi Central SE Coast,Murang'a,0,
AIC Mulango HC,Health Centre,Eastern Northeastern,Kitui,0,
AIC Mukaa Dispensary,Dispensary,Eastern Northeastern,Makueni,0,
AIC Mbooni Health Centre,Health Centre,Eastern Northeastern,Makueni,0,
AIC Malanga HC,Health Centre,Nairobi Central SE Coast,Mombasa,0,
AIC Lotubae Dispensary,Dispensary,Western North Rift,Turkana,0,
AIC Lopur Dispensary,Dispensary,Western North Rift,Turkana,0,
AIC Lokori health Centre,Health Centre,Western North Rift,Turkana,0,
AIC Lokichoggio health Centre,Health Centre,Western North Rift,Turkana,0,
AIC Litein MTC,Clinic / Medical Centre,South Rift Nyanza,Kericho,0,
AIC LITEIN HOSPITAL-KERICHO ANNEX,Hospital,South Rift Nyanza,Kericho,0,
AIC LITEIN HOSPITAL,Clinic / Medical Centre,South Rift Nyanza,Kericho,0,
AIC Lalang Amalo Health Centre,Health Centre,Nairobi Central SE Coast,Nakuru,0,
AIC Lalang Amalo Health Center,Health Centre,South Rift Nyanza,Bomet,0,
AIC Kitogo Dispensary,Dispensary,Nairobi Central SE Coast,Nyandarua,0,
AIC Kiserian Dispensary,Dispensary,Western North Rift,Baringo,0,
AIC KIJABE HOSPITAL-NAIVASHA MEDICAL CENTRE,Hospital,Nairobi Central SE Coast,Nakuru,0,
AIC KIJABE HOSPITAL MARIRA DISPENSARY,Hospital,Nairobi Central SE Coast,Kiambu,0,
AIC Kijabe College of Health Sciences,Medical Training College,Nairobi Central SE Coast,Kiambu,0,
AIC Kiajbe hospital,Hospital,Nairobi Central SE Coast,Kiambu,0,
AIC Katakani Dispensary,Dispensary,Eastern Northeastern,Kitui,0,
AIC Kapsowar School of Nursing,Medical Training College,Western North Rift,Elgeyo Marakwet,0,
AIC Kapsowar Hospital,Hospital,Western North Rift,Elgeyo Marakwet,0,
AIC Kalokol Health Centre,Health Centre,Western North Rift,Turkana,0,
AIC Kalamba Dispensary,Dispensary,Eastern Northeastern,Makueni,0,
AIC KAJIADO HEALTH CENTRE,Health Centre,Nairobi Central SE Coast,Kajiado,0,
AIC Kahuho Dispensary,Dispensary,Nairobi Central SE Coast,Nyandarua,0,
AIC Isiolo Dispensary,Dispensary,Eastern Northeastern,Isiolo,0,
AIC Health Ministries,Clinic / Medical Centre,Eastern Northeastern,Makueni,0,
AIC Gituru Dispensary,Dispensary,Nairobi Central SE Coast,Murang'a,0,
AIC Githumu Hospital,Hospital,Nairobi Central SE Coast,Murang'a,0,
AIC Gatab Health Centre,Health Centre,Eastern Northeastern,Marsabit,0,
AIC Eliye Springs,Dispensary,Western North Rift,Turkana,0,
AIC ELDAMA RAVINE HEALTH CENTRE,Health Centre,Western North Rift,Baringo,0,
AIC Dispensary,Dispensary,Eastern Northeastern,Wajir,0,
AIC Churo Dispensary,Dispensary,Western North Rift,Baringo,0,
AIC Biribiriet Dispensary,Dispensary,Western North Rift,Trans Nzoia,0,
AIC Barotion Dispensary,Health Centre,South Rift Nyanza,Kericho,0,
AGC Tenwek Mission Hospital - Bomet Annex,Hospital,South Rift Nyanza,Bomet,0,
AGC Tenwek Hospital,Hospital,South Rift Nyanza,Bomet,0,
AGC Tenwek CHS,Clinic / Medical Centre,,Bomet,0,
AGC LIONS NGOSWANI HOSPITAL,Hospital,Nairobi Central SE Coast,Narok,0,
AFRICA INLAND CHURCH LALANG AMALO HEALTH CENTRE,Health Centre,Nairobi Central SE Coast,Nakuru,0,
Adventist Centre For Care and Support (Kilimani),Dispensary,Nairobi Central SE Coast,Nairobi,0,
ADC Boyani Clinic,Clinic / Medical Centre,Western North Rift,Vihiga,0,
ACL Isiolo Disp,Dispensary,Eastern Northeastern,Isiolo,0,
ACK Syongila Dispensary,Dispensary,Eastern Northeastern,Kitui,0,
ACK St.Peters Mukangu Dispensary,Dispensary,Eastern Northeastern,Embu,0,
ACK ST.LUKES MISSION NURSING HOME,Clinic / Medical Centre,Nairobi Central SE Coast,Kilifi,0,
ACK St. Stephens Ralak Medical Clinic,Clinic / Medical Centre,Western North Rift,Siaya,0,
ACK ST. JOSEPH KANYARIRI DISP.,Dispensary,Nairobi Central SE Coast,Kiambu,0,
ACK Rurii Mothers Union Medical Clinic,Clinic / Medical Centre,Nairobi Central SE Coast,Nyandarua,0,
ACK Nyandarua Medical Clinic,Clinic / Medical Centre,Nairobi Central SE Coast,Laikipia,0,
ACK Nturumeti Dispensary,Dispensary,Nairobi Central SE Coast,Narok,0,
ACK Ngiya Dispensary,Dispensary,Western North Rift,Siaya,0,
ACK NAMBOBOTO HEALTH CENTRE,Health Centre,Western North Rift,Busia,0,
ACK Namboboto HC,Health Centre,Western North Rift,Busia,0,
ACK Namasoli Health Centre,Health Centre,Western North Rift,Kakamega,0,
ACK Mwingi CHBC Clinic,Clinic / Medical Centre,Eastern Northeastern,Kitui,0,
ACK Mumias Dipensary,Dispensary,Western North Rift,Kakamega,0,
ACK Mt. Kenya Hospital-Mwea,Hospital,Nairobi Central SE Coast,Kirinyaga,0,
ACK Mt. Kenya Hospital Kerugoya,Hospital,Nairobi Central SE Coast,Kirinyaga,0,
ACK Maseno West Diocess,Clinic / Medical Centre,Western North Rift,Siaya,0,
ACK Maseno School of Nursing,Clinic / Medical Centre,Western North Rift,Kisumu,0,
ACK Lukhoye Dispensary,Dispensary,Western North Rift,Kakamega,0,
ACK Kiriari Dispensary,Dispensary,Eastern Northeastern,Embu,0,
ACK Khasoko Health Centre,Health Centre,Western North Rift,Bungoma,0,
ACK Kathangariri Dispensary,Dispensary,Eastern Northeastern,Embu,0,
ACK Karuri Medical Centre,Clinic / Medical Centre,Eastern Northeastern,Tharaka Nithi,0,
ACK Kanunga Dispensary,Dispensary,Nairobi Central SE Coast,Kiambu,0,
ACK Kamukuywa Dispensary,Dispensary,Western North Rift,Bungoma,0,
ACK Hope Compassionate Health Services,Dispensary,South Rift Nyanza,Homa Bay,0,
ACK Good Samaritan Dispensary,Dispensary,Nairobi Central SE Coast,Nyeri,0,
ACK Githure Dispensary,Dispensary,Nairobi Central SE Coast,Kirinyaga,0,
ACK DR. PIKE ROPER MEDICAL CENTRE,Clinic / Medical Centre,Western North Rift,Bungoma,0,
ACK Butonge Dispensary,Dispensary,Western North Rift,Bungoma,0,
ACK Bujumba Disp.,Dispensary,Western North Rift,Busia,0,
ACK Bathi Faith Medical Centre,Clinic / Medical Centre,Nairobi Central SE Coast,Kiambu,0,
ACC&S Rwathe Church Dispensary,Dispensary,Nairobi Central SE Coast,MURANG'A,0,
Acc&S Kariua Dispensary,Dispensary,Nairobi Central SE Coast,Murang'a,0,
Abigael Health Care Centre,Health Centre,Western North Rift,Uasin Gishu,0,
A.I.C BETHLEHEM HOUSE OF BREAD DISPENSARY,Dispensary,Western North Rift,Uasin Gishu,0,
A.C.C & S GITURU HEALTH CENTRE,Health Centre,Nairobi Central SE Coast,MURANG'A,0,