COUNTY,Sub_couty,Facility Name,HTS Positive,Linkage,% VL Uptake,% VL Suppression,%IIT,TX_NEW,TX_NEW CD4,CD4 Uptake,TPT,TPT Uptake
Embu,Manyatta,Dallas Dispensary,28,114%,83%,95%,3.9%,32,3,9%,7,22%
Embu,Manyatta,Embu Children Clinic,7,143%,82%,94%,3.4%,10,0,0%,0,0%
Embu,Manyatta,Embu Provincial General Hospital,215,106%,86%,98%,2.2%,227,73,32%,51,22%
Embu,Manyatta,Gatunduri Dispensary,4,0%,0%,0%,,0,0,0%,0,0%
Embu,Manyatta,Getrude Dispensary,4,0%,0%,0%,,0,0,0%,0,0%
Embu,Manyatta,Kairuri Health Centre,13,138%,79%,94%,1.4%,18,2,11%,4,22%
Embu,Manyatta,Karau Health Centre,7,86%,53%,97%,3.5%,6,0,0%,0,0%
Embu,Manyatta,Kibugu Health Centre,18,111%,74%,96%,1.7%,20,1,5%,7,35%
Embu,Manyatta,Kithegi Dispensary,5,40%,,0%,,2,0,0%,0,0%
Embu,Manyatta,Kithimu Dispensary,14,100%,79%,96%,5.3%,14,1,7%,2,14%
Embu,Manyatta,Makengi Dispensary (Embu),9,89%,71%,96%,4.3%,8,0,0%,1,13%
Embu,Manyatta,Nembure Health Centre,23,135%,73%,96%,2.6%,31,2,6%,7,23%
Embu,Manyatta,Rukira Dispensary,5,0%,0%,0%,,0,0,0%,0,0%
Embu,Mbeere North,Ishiara Sub-District Hospital,43,121%,82%,97%,0.7%,52,26,50%,36,69%
Embu,Mbeere North,Kamumu Dispensary,1,200%,81%,91%,2.2%,2,1,50%,0,0%
Embu,Mbeere North,Kanyuambora Dispensary,1,300%,59%,94%,2.3%,3,0,0%,0,0%
Embu,Mbeere North,Kathanje Dispensary,3,100%,91%,96%,6.3%,3,0,0%,0,0%
Embu,Mbeere North,Kiambere Dam Dispensary,20,135%,77%,94%,0.4%,27,7,26%,10,37%
Embu,Mbeere North,Kirie Dispensary,1,400%,83%,96%,4.6%,4,1,25%,0,0%
Embu,Mbeere North,Mbeere District Hospital,39,141%,82%,97%,1.1%,55,26,47%,26,47%
Embu,Mbeere South,CCS Kiritiri Clinic,2,0%,0%,0%,,0,0,0%,0,0%
Embu,Mbeere South,Gachuriri Dispensary,8,100%,86%,87%,4.6%,8,1,13%,5,63%
Embu,Mbeere South,Kiambere Health Centre,6,83%,62%,96%,7.2%,5,0,0%,1,20%
Embu,Mbeere South,Kiamuringa Dispensary,14,107%,77%,90%,2.3%,15,3,20%,6,40%
Embu,Mbeere South,Kiritiri Health Centre,48,146%,79%,96%,1.2%,70,22,31%,34,49%
Embu,Mbeere South,Liviero Dispensary,3,0%,0%,0%,,0,0,0%,0,0%
Embu,Mbeere South,Machang'a Dispensary,2,50%,,0%,,1,0,0%,0,0%
Embu,Mbeere South,Nganduri Dispensary,9,100%,86%,95%,2.4%,9,2,22%,3,33%
Embu,Mbeere South,Riachina Dispensary,2,0%,0%,0%,,0,0,0%,0,0%
Embu,Mbeere South,Rwika Dispensary,9,11%,67%,100%,,1,1,100%,0,0%
Embu,Mwea,Gategi Health Centre,19,121%,57%,96%,2.3%,23,3,13%,13,57%
Embu,Mwea,Karaba Wango Dispensary,1,0%,0%,0%,,0,0,0%,0,0%
Embu,Mwea,Makima Dispensary,8,100%,78%,93%,2.0%,8,0,0%,2,25%
Embu,Mwea,Mbonzuki Dispensary,1,0%,0%,0%,,0,0,0%,0,0%
Embu,Mwea,Wachoro Dispensary,5,160%,56%,90%,3.8%,8,0,0%,2,25%
Embu,Runyenjes,Acef Ena Health Centre,21,133%,85%,97%,1.5%,28,12,43%,16,57%
Embu,Runyenjes,Gichiche Dispensary,1,0%,0%,0%,,0,0,0%,0,0%
Embu,Runyenjes,Kanja Health Centre,6,150%,85%,95%,1.7%,9,3,33%,5,56%
Embu,Runyenjes,Karurumo Rhtc,28,118%,82%,97%,2.0%,33,26,79%,12,36%
Embu,Runyenjes,Kathunguri Dispensary,4,50%,,0%,,2,0,0%,0,0%
Embu,Runyenjes,Kianjokoma Sub-District Hospital,36,100%,85%,98%,1.3%,36,16,44%,11,31%
Embu,Runyenjes,Kigaa Dispensary,0,0%,0%,0%,,0,0,0%,0,0%
Embu,Runyenjes,Kigumo Dispensary,10,100%,74%,95%,1.2%,10,0,0%,1,10%
Embu,Runyenjes,Mufu Dispensary,1,100%,29%,100%,,1,0,0%,0,0%
Embu,Runyenjes,Nthagaiya Catholic Dispensary,3,67%,56%,99%,2.3%,2,0,0%,1,50%
Embu,Runyenjes,Runyenjes District Hospital,50,158%,80%,96%,1.2%,79,49,62%,22,28%
Embu,Runyenjes,St Michael Nursing Home,1,0%,0%,0%,,0,0,0%,0,0%
Embu,Runyenjes,Ugweri Disp,16,44%,71%,88%,5.6%,7,2,29%,6,86%
Meru,Buuri  East,Kibirichia Sub-District Hospital,23,91%,69%,93%,1.0%,21,6,29%,2,10%
Meru,Buuri  East,Kiirua Dispensary,36,100%,68%,96%,2.4%,36,4,11%,2,6%
Meru,Buuri  East,Mboroga Dispensary,5,80%,66%,96%,4.4%,4,0,0%,0,0%
Meru,Buuri  East,Naari Health Centre,6,100%,70%,97%,9.3%,6,0,0%,0,0%
Meru,Buuri  East,Ruiri Rural Health Demonstration Centre,6,167%,63%,93%,2.2%,10,1,10%,4,40%
Meru,Buuri  East,St Theresa Kiirua Hospital (Kiirua),58,71%,80%,99%,1.1%,41,11,27%,9,22%
Meru,Buuri West,Lewa Downs Dispensary,13,77%,72%,92%,3.9%,10,0,0%,2,20%
Meru,Buuri West,Ontulili Dispensary,6,100%,57%,96%,12.1%,6,1,17%,0,0%
Meru,Buuri West,Timau Catholic Dispensary,8,0%,0%,0%,,0,0,0%,0,0%
Meru,Buuri West,Timau Sub-District Hospital,75,91%,77%,96%,1.4%,68,28,41%,20,29%
Meru,Igembe Central,Kangeta Health Centre,41,117%,80%,95%,2.7%,48,7,15%,12,25%
Meru,Igembe Central,Kawiru Dispensary,20,180%,54%,96%,1.9%,36,0,0%,22,61%
Meru,Igembe Central,Kina Dispensary,21,143%,79%,94%,1.8%,30,3,10%,10,33%
Meru,Igembe Central,Muutine Med Clinic,4,0%,0%,0%,,0,0,0%,0,0%
Meru,Igembe Central,Nthambiro Dispensary,38,103%,57%,93%,1.0%,39,0,0%,7,18%
Meru,Igembe Central,PCEA Kiengu Disp/Mat,0,0%,0%,0%,,0,0,0%,0,0%
Meru,Igembe Central,Tuuru Catholic Health Centre,18,78%,53%,92%,6.7%,14,1,7%,1,7%
Meru,Igembe North,Kaelo Dispensary,9,111%,84%,90%,3.0%,10,1,10%,1,10%
Meru,Igembe North,Mutuati Sub-District Hospital,72,113%,65%,95%,1.1%,81,20,25%,18,22%
Meru,Igembe North,Theere Health Centre,29,100%,62%,90%,0.9%,29,0,0%,4,14%
Meru,Igembe South,Akachiu Health Centre,29,110%,78%,96%,1.7%,32,3,9%,10,31%
Meru,Igembe South,Christian Community Services Dispensary (Maua),6,33%,,0%,,2,0,0%,0,0%
Meru,Igembe South,HWWK Maua Dice,14,71%,20%,96%,26.3%,10,1,10%,10,100%
Meru,Igembe South,Kawiria Maternity and Nursing Home,5,0%,0%,0%,,0,0,0%,0,0%
Meru,Igembe South,Kiraone Dispensary,27,96%,48%,92%,1.1%,26,2,8%,8,31%
Meru,Igembe South,Mutiokiama Health Centre,10,120%,32%,92%,3.3%,12,0,0%,1,8%
Meru,Igembe South,Nyambene District Hospital,135,85%,88%,96%,1.6%,115,19,17%,65,57%
Meru,Imenti Central,Gatimbi Health Centre,12,108%,93%,97%,2.1%,13,4,31%,3,23%
Meru,Imenti Central,Githongo District Hospital,52,98%,75%,96%,1.4%,51,23,45%,16,31%
Meru,Imenti Central,Kaongo Health Centre,9,78%,68%,98%,5.2%,7,1,14%,1,14%
Meru,Imenti Central,St Lukes Cottage Hospital,8,0%,,0%,,0,0,0%,0,0%
Meru,Imenti North,Chugu Dispensary,9,89%,71%,95%,2.2%,8,2,25%,0,0%
Meru,Imenti North,Family Care Medical Centre (Meru),2,100%,74%,98%,1.4%,2,1,50%,0,0%
Meru,Imenti North,Gakoromone Dispensary,39,128%,88%,96%,1.6%,50,23,46%,3,6%
Meru,Imenti North,Giaki Sub-District Hospital,31,97%,74%,91%,2.4%,30,11,37%,3,10%
Meru,Imenti North,Gitoro Dispensary,23,91%,81%,97%,0.9%,21,12,57%,1,5%
Meru,Imenti North,Igoki Dispensary,6,133%,79%,97%,3.5%,8,1,13%,1,13%
Meru,Imenti North,Kathithi Dispensary,4,100%,66%,96%,1.0%,4,0,0%,0,0%
Meru,Imenti North,Kiamiriru MCK Dispensary,0,0%,0%,0%,,0,0,0%,0,0%
Meru,Imenti North,Kiburine Dispensary,8,75%,84%,98%,5.6%,6,1,17%,1,17%
Meru,Imenti North,Kinoru Dispensary,34,94%,79%,97%,1.1%,32,12,38%,5,16%
Meru,Imenti North,Meru District Hospital,207,95%,94%,98%,1.0%,197,152,77%,123,62%
Meru,Imenti North,Meru Drop in Centre,12,92%,92%,98%,2.0%,11,5,45%,3,27%
Meru,Imenti North,Woodlands Hospital,0,0%,0%,0%,,0,0,0%,0,0%
Meru,Imenti South,Ichomba Clinic,4,0%,0%,0%,,0,0,0%,0,0%
Meru,Imenti South,Ithimbari Dispensary,2,100%,33%,91%,16.7%,2,0,0%,0,0%
Meru,Imenti South,Kanyakine District Hospital,112,96%,86%,97%,2.0%,107,43,40%,75,70%
Meru,Imenti South,Kathigu Health Centre,2,100%,53%,76%,5.9%,2,0,0%,0,0%
Meru,Imenti South,Kiarago Health Centre (Imenti South),1,0%,100%,100%,25.0%,0,0,0%,0,0%
Meru,Imenti South,Kieni Kia Ndege Dispensary,7,86%,77%,91%,1.1%,6,1,17%,3,50%
Meru,Imenti South,Kinoro Sub-District Hospital,12,83%,66%,84%,2.7%,10,3,30%,3,30%
Meru,Imenti South,Kionyo Dispensary (Imenti South),2,100%,55%,98%,1.9%,2,2,100%,2,100%
Meru,Imenti South,Kirogine Dispensary,2,150%,66%,98%,2.8%,3,0,0%,1,33%
Meru,Imenti South,Mikumbune Sub-District Hospital,46,107%,69%,94%,1.3%,49,31,63%,30,61%
Meru,Imenti South,Mitunguu Ccs Dispensary,2,0%,0%,0%,,0,0,0%,0,0%
Meru,Imenti South,Mitunguu Dispensary,42,107%,84%,97%,1.6%,45,24,53%,22,49%
Meru,Imenti South,Mweru Dispensary (Imenti South),2,0%,0%,0%,,0,0,0%,0,0%
Meru,Imenti South,Nkubu Dispensary,27,96%,84%,96%,1.5%,26,11,42%,13,50%
Meru,Imenti South,Ntemwene Dispensary,5,0%,0%,0%,,0,0,0%,0,0%
Meru,Imenti South,Uruku Health Centre,4,150%,82%,96%,2.8%,6,4,67%,3,50%
Meru,Tigania Central,Amugaa Health Centre,5,80%,81%,92%,3.7%,4,0,0%,1,25%
Meru,Tigania Central,Kiguchwa Dispensary,3,133%,71%,97%,9.1%,4,2,50%,0,0%
Meru,Tigania Central,Kunati Health Centre,3,100%,53%,99%,6.7%,3,0,0%,1,33%
Meru,Tigania Central,Mikinduri Sub-District Hospial,67,103%,78%,95%,2.0%,69,9,13%,21,30%
Meru,Tigania East,Charuru Dispensary,0,0%,0%,0%,,0,0,0%,0,0%
Meru,Tigania East,Karama Dispensary,1,100%,58%,100%,12.5%,1,0,0%,0,0%
Meru,Tigania East,Muthara Sub-District Hospital,60,100%,80%,95%,1.2%,60,15,25%,12,20%
Meru,Tigania East,Tigania Hospital,11,91%,84%,98%,0.3%,10,0,0%,4,40%
Meru,Tigania West,Kimachia Dispensary,0,0%,0%,0%,,0,0,0%,0,0%
Meru,Tigania West,Kunene Dispensary,1,0%,,100%,66.7%,0,0,0%,0,0%
Meru,Tigania West,Mbeu Sub-District Hospital,34,100%,87%,98%,0.9%,34,5,15%,15,44%
Meru,Tigania West,Miathene District Hospital,33,91%,84%,97%,1.3%,30,7,23%,7,23%
Meru,Tigania West,Mutionjuri Health Centre,3,100%,58%,99%,4.0%,3,0,0%,0,0%
Meru,Tigania West,Mweronkaga Dispensary,2,50%,40%,100%,4.3%,1,0,0%,0,0%
Meru,Tigania West,Uringu Health Centre,1,100%,40%,100%,,1,0,0%,0,0%
Nyandarua,Kinangop,Bamboo Health Centre,45,98%,77%,97%,1.6%,44,14,32%,17,39%
Nyandarua,Kinangop,Engineer District Hospital,67,96%,86%,97%,1.5%,64,37,58%,26,41%
Nyandarua,Kinangop,Heni Health Centre,8,100%,78%,98%,,8,2,25%,4,50%
Nyandarua,Kinangop,Karangatha Health Centre,7,100%,83%,98%,1.4%,7,1,14%,2,29%
Nyandarua,Kinangop,Mukungi Dispensary,1,0%,0%,0%,,0,0,0%,0,0%
Nyandarua,Kinangop,Murungaru Health Centre,15,100%,77%,97%,0.7%,15,6,40%,7,47%
Nyandarua,Kinangop,Nandarasi Dispensary,3,100%,88%,97%,2.6%,3,0,0%,0,0%
Nyandarua,Kinangop,Ndunyu Njeru Dispensary,9,111%,71%,91%,2.7%,10,2,20%,4,40%
Nyandarua,Kinangop,Njabini Health Centre,20,105%,89%,97%,0.7%,21,9,43%,2,10%
Nyandarua,Kinangop,Weru Health Centre (Nyandarua South),7,114%,86%,98%,3.8%,8,1,13%,1,13%
Nyandarua,Kipipiri,Geta Bush Health Centre,19,89%,77%,94%,1.4%,17,1,6%,6,35%
Nyandarua,Kipipiri,Lereshwa Dispensary,0,0%,0%,0%,,0,0,0%,0,0%
Nyandarua,Kipipiri,Manunga Health Centre,22,123%,82%,97%,0.9%,27,4,15%,10,37%
Nyandarua,Kipipiri,Ndemi Health Centre,5,140%,83%,96%,1.0%,7,0,0%,2,29%
Nyandarua,Kipipiri,Old Mawingu Health Centre,18,67%,76%,96%,0.6%,12,2,17%,2,17%
Nyandarua,Kipipiri,Turasha Dispensary,3,100%,79%,93%,6.3%,3,1,33%,1,33%
Nyandarua,Kipipiri,Wanjohi Health Centre,21,105%,88%,96%,0.7%,22,1,5%,5,23%
Nyandarua,Ndaragwa,Baari Health Centre,31,100%,76%,95%,1.8%,31,2,6%,15,48%
Nyandarua,Ndaragwa,Kahembe Health Centre,9,89%,89%,98%,1.4%,8,0,0%,4,50%
Nyandarua,Ndaragwa,Kirima Dispensary,4,0%,0%,0%,,0,0,0%,0,0%
Nyandarua,Ndaragwa,Kiriogo Dispensary,0,0%,0%,0%,,0,0,0%,0,0%
Nyandarua,Ndaragwa,Leshau Pondo Health Centre,9,89%,75%,93%,3.2%,8,0,0%,5,63%
Nyandarua,Ndaragwa,Mastoo Dispensary,0,0%,0%,0%,,0,0,0%,0,0%
Nyandarua,Ndaragwa,Mbuyu Dispensary,1,0%,0%,0%,,0,0,0%,0,0%
Nyandarua,Ndaragwa,Ndaragwa Health Centre,53,108%,84%,97%,1.3%,57,9,16%,27,47%
Nyandarua,Ndaragwa,Pesi Dispensary,0,0%,0%,0%,,0,0,0%,0,0%
Nyandarua,Ndaragwa,Shamata Health Centre,14,129%,53%,93%,2.4%,18,2,11%,5,28%
Nyandarua,Ndaragwa,Subuku Dispensary (Nyandarua North),6,100%,68%,97%,2.1%,6,1,17%,1,17%
Nyandarua,Ndaragwa,Uruku Dispensary,5,0%,0%,0%,,0,0,0%,0,0%
Nyandarua,Oljoroorok,Chamuka (CDF) Dispensary,18,106%,76%,91%,1.2%,19,2,11%,9,47%
Nyandarua,Oljoroorok,Gatimu Health Centre,37,95%,75%,93%,2.1%,35,3,9%,14,40%
Nyandarua,Oljoroorok,Huhoini Dispensary,0,0%,0%,0%,,0,0,0%,0,0%
Nyandarua,Oljoroorok,Kasuku Health Centre,23,100%,85%,98%,0.2%,23,4,17%,8,35%
Nyandarua,Oljoroorok,Ngano Health Centre,10,100%,78%,91%,2.1%,10,2,20%,4,40%
Nyandarua,Oljoroorok,Olborosat Dispensary,5,100%,81%,98%,1.1%,5,0,0%,0,0%
Nyandarua,Oljoroorok,Oljororok Catholic Dispensary,2,0%,0%,0%,,0,0,0%,0,0%
Nyandarua,Oljoroorok,Silibwet Health Centre (Nyandaruawest),16,100%,71%,95%,1.6%,16,3,19%,9,56%
Nyandarua,Olkalou,Kaimbaga Dispensary,1,100%,61%,100%,2.8%,1,0,0%,1,100%
Nyandarua,Olkalou,Mirangine Health Centre,31,113%,67%,97%,2.2%,35,2,6%,25,71%
Nyandarua,Olkalou,New Mawingu Health Centre,9,133%,90%,96%,2.0%,12,0,0%,4,33%
Nyandarua,Olkalou,New Tumaini Dispensary,13,108%,89%,98%,4.3%,14,0,0%,13,93%
Nyandarua,Olkalou,Ngorika Dispensary,25,100%,90%,98%,2.2%,25,0,0%,19,76%
Nyandarua,Olkalou,Olkalou Sub-District Hospital,78,97%,73%,97%,0.9%,76,6,8%,66,87%
Nyandarua,Olkalou,St Mathews and Sarah Dispensary,3,67%,94%,99%,1.7%,2,0,0%,1,50%
Nyandarua,Olkalou,Tumaini National Youth Service Dispensary,1,0%,0%,0%,,0,0,0%,0,0%
Tharaka Nithi,Chuka,Chuka Cottage Hospital,9,56%,50%,85%,5.9%,5,3,60%,1,20%
Tharaka Nithi,Chuka,Chuka District Hospital,118,108%,91%,97%,1.3%,128,102,80%,54,42%
Tharaka Nithi,Chuka,Ikuu Dispensary,3,33%,,0%,,1,0,0%,0,0%
Tharaka Nithi,Chuka,Kambandi Dispensary,11,109%,81%,95%,7.1%,12,4,33%,0,0%
Tharaka Nithi,Chuka,Kibugua Health Centre,18,111%,88%,96%,0.6%,20,17,85%,14,70%
Tharaka Nithi,Chuka,Kiereni Dispensary,4,0%,100%,64%,,0,0,0%,0,0%
Tharaka Nithi,Chuka,Mpukoni Health Centre,11,118%,87%,98%,1.1%,13,3,23%,9,69%
Tharaka Nithi,Chuka,Mukuuni Dispensary,6,133%,77%,96%,4.2%,8,6,75%,3,38%
Tharaka Nithi,Chuka,Presbyterian Ttc Rubate Health Centre,1,0%,0%,0%,,0,0,0%,0,0%
Tharaka Nithi,Igambangombe,Kaanwa Dispensary,24,100%,64%,91%,2.6%,24,2,8%,6,25%
Tharaka Nithi,Igambangombe,Kajuki Health Centre,15,107%,87%,93%,1.2%,16,5,31%,13,81%
Tharaka Nithi,Igambangombe,Kamaindi Dispensary,1,0%,0%,0%,,0,0,0%,0,0%
Tharaka Nithi,Muthambi,Minugu Dispensary,0,0%,0%,0%,,0,0,0%,0,0%
Tharaka Nithi,Muthambi,Muthambi Health Centre,39,92%,86%,96%,1.6%,36,19,53%,8,22%
Tharaka Nithi,Mwimbi,Baragu Health Centre,10,80%,44%,97%,3.4%,8,1,13%,0,0%
Tharaka Nithi,Mwimbi,Kiamuchairu Health Centre,3,100%,89%,88%,6.5%,3,0,0%,0,0%
Tharaka Nithi,Mwimbi,Magutuni District Hospital,24,108%,76%,96%,9.1%,26,4,15%,5,19%
Tharaka Nithi,Mwimbi,Mukui Health Centre,4,75%,57%,101%,3.3%,3,0,0%,0,0%
Tharaka Nithi,Mwimbi,Mutindwa Dispensary,2,50%,,0%,,1,0,0%,0,0%
Tharaka Nithi,Mwimbi,Nguruki-Iruma Dispensary,2,0%,0%,0%,,0,0,0%,0,0%
Tharaka Nithi,Tharaka North,Gaciongo Dispensary,1,0%,0%,0%,,0,0,0%,0,0%
Tharaka Nithi,Tharaka North,Gatunga Model Health Centre,12,100%,72%,91%,5.1%,12,4,33%,5,42%
Tharaka Nithi,Tharaka North,Kamwathu Dispensary,0,0%,0%,0%,,0,0,0%,0,0%
Tharaka Nithi,Tharaka North,Kathangacini Dispensary,1,300%,52%,99%,11.8%,3,1,33%,0,0%
Tharaka Nithi,Tharaka North,Mukothima Health Centre,12,100%,50%,84%,0.9%,12,1,8%,2,17%
Tharaka Nithi,Tharaka North,Thanantu Faith Clinic Dispensary,9,111%,77%,96%,4.1%,10,0,0%,1,10%
Tharaka Nithi,Tharaka South,Gatunga Health Centre,8,63%,88%,90%,3.9%,5,4,80%,2,40%
Tharaka Nithi,Tharaka South,Kibunga Sub-District Hospital,12,92%,71%,95%,1.0%,11,2,18%,3,27%
Tharaka Nithi,Tharaka South,Tharaka District Hospital,43,95%,81%,96%,1.4%,41,23,56%,22,54%
