UID,Name,Short Name,Level,Parent,Groups
AHVXluh93vZ,Hope Compassionate (ACK) Dispensary,Hope Compassionate (ACK),5,Homa Bay Central Ward,ACS Project
AOUfiTMGCKi,Kimachia Dispensary,Kimachia Dispensary,5,Nkomo Ward,In JTP IPSL; Jamii Tekelezi
AagM6cS5ef7,Gatimbi Health Centre,Gatimbi Health Centre,5,Abothuguchi Central Ward,In JTP IPSL; Is C&T site; Is PMTCT site; Jamii Tekelezi
AawtXdUefwb,AIC Litein Mission Hospital,AIC Litein Mission Hospital,5,Litein Ward,ACS Project; CHAK MHU; Gates Foundation - RMNCH
AmbExKcweHi,Kiengu PCEA Dispensary,Kiengu PCEA Dispensary,5,Igembe East Ward,CHAK MHU; In JTP IPSL; Jamii Tekelezi
AqeQqDLlXDT,Kaptama (Friends) Health Centre,Kaptama (Friends) HC,5,Kaptama Ward,Gates Foundation - RMNCH
Aqw6Dbpsjk6,Consolata Mission Hospital (Mathari),Consolata Mission H (Math,5,Kiganjo/Mathari Ward,CHAP Stawisha
AtnPcyOFmJJ,Theere Health Centre,Theera Health Centre,5,Antubetwe Kiongo Ward,In JTP IPSL; Is C&T site; Is PMTCT site; Jamii Tekelezi
BAtfedDlU9v,Katilini Health Centre,Katilini Health Centre,5,Athi Ward,CHAP Stawisha
BB8Fv5gv7SE,Itibo Mission Health Centre,Itibo Mission Health Centre,5,Itibo Ward,ACS Project; Gates Foundation - RMNCH
BOcLXF8VIvK,St Mark Medical Clinic - Tala,St Mark Medical Clinic - Tala,5,Tala Ward,CHAP Stawisha
BklVxAeLuVH,Olasiti (AIC) Dispensary,Olasiti (AIC) Dispensary,5,Suswa Ward,Bread for the World Project; Gates Foundation - RMNCH; Gitlab Project
BwF2JaC8lCL,Leshau Pondo Health Centre,Leshau Pondo Health Centr,5,Leshau/Pondo Ward,In JTP IPSL; Is C&T site; Is PMTCT site; Jamii Tekelezi
CD9oTdiDgcB,Nanam Health Centre,Nanam Health Centre,5,Nanaam Ward,ACS Project; Bread for the World Project
CXAJP0JoCDZ,Baari Health Centre,Baari Health Centre,5,Kiritta Ward,In JTP IPSL; Is C&T site; Is PMTCT site; Jamii Tekelezi
CbWO3Te8Tut,Kibirichia Sub-District Hospital,Kibirichia Sub-district H,5,Kibirichia Ward,In JTP IPSL; Is C&T site; Is PMTCT site; Jamii Tekelezi
CfdoxJFZhw9,Muutine Med Clinic,Muutine Med Clinic,5,Njia Ward,In JTP IPSL; Is PMTCT site; Jamii Tekelezi
Ch9QLIX4Lv4,Cana Family Life Clinic,Cana Family Clinic,5,Viwandani Ward,Gates Foundation - RMNCH; Gitlab Project
ClfJQm3Docv,Mirangine Health Centre,Mirangine Health Centre,5,Mirangine Ward,In JTP IPSL; Is C&T site; Is PMTCT site; Jamii Tekelezi
CmIEKqOW8Lg,Holy family Catholic Hospital (Githunguri),Holy family Catholic Hospital (Githunguri),5,Githunguri Ward,CHAP Stawisha
DRRmd0KhJ7U,Mitunguu Dispensary,Mitunguu Dispensary,5,Mitunguu Ward,In JTP IPSL; Is C&T site; Is PMTCT site; Jamii Tekelezi
DSJwlBtTqKz,Ruiri Rural Health Demonstration Centre,Ruiri R H D C,5,Ruiru/Rwawera Ward,In JTP IPSL; Is C&T site; Is PMTCT site; Jamii Tekelezi
DbOdUfzRcBN,Njabini Catholic Dispensary,Njabini Catholic Disp,5,Njabani/Kiburu Ward,CHAP Stawisha
DfoyCNu7TiG,Naikara Health Centre,Naikarra Health Centre,5,Naikarra Ward,Bread for the World Project; Gates Foundation - RMNCH; Gitlab Project
Dfweqt8eyqS,Kibera Chemi Chemi Ya Uzima Clinic,Kibera Chemi Chemi ya uzi,5,Makina Ward,Gitlab Project
DoApIYf90N9,Waraba Medica Centre,Waraba Medica Centre,5,Naitiri/Kabuyefwe Ward,Gates Foundation - RMNCH
Dpo1W5ZFOY0,St Lukes ( ACK) Nursing Home(Kaloleni),St Luke's Mission H. (Kal,5,Kaloleni Ward,Bread for the World Project
EFWuy00kRUY,Mutindwa Dispensary,Mutindwa Dispensary,5,Chogoria Ward,In JTP IPSL; Jamii Tekelezi
ELHafKamFIR,Muthara Sub-District Hospital,Muthara Sub-District Hosp,5,Muthara Ward,In JTP IPSL; Is C&T site; Is PMTCT site; Jamii Tekelezi
EhJ2SBfPRSW,Kendu Adventist Hospital,Kendu Adventist Hospital,5,Kendu Bay Town Ward,ACS Project; CHAK MHU; Gates Foundation - RMNCH
EhaAg4fr1zh,Soteni Dispensary,Soteni Dispensary,5,Mbakalo Ward,Gates Foundation - RMNCH
EjGDFOdiRTy,Mt Kenya (ACK) Hospital,Mt. Kenya (ACK) Hospital,5,Kerugoya Ward,Gates Foundation - RMNCH; Gitlab Project
F0Uf3SJ6y5k,Kinoru Dispensary,Kinoru Dispensary,5,Municipality Ward,In JTP IPSL; Is C&T site; Is PMTCT site; Jamii Tekelezi
FB1EWLohD2s,Kimende Orthodox Mission Health Centre,Kimende Orthodox Mission,5,Kijabe Ward,Gates Foundation - RMNCH; Gitlab Project
FLyT7XDQxf6,Sekerr Dispensary,Sekerr Dispensary,5,Sekerr Ward,Gates Foundation - RMNCH
FS92QpEW9X1,Kaigat (SDA) Health Centre,Kaigat (SDA) Health Centr,5,Ndalat Ward,Gates Foundation - RMNCH
FSrkhOVFdOk,Lereshwa Dispensary,Lereshwa Dispensary,5,Kipipiri Ward,In JTP IPSL; Jamii Tekelezi
FVZSGQeGAWy,Nandarasi Dispensary,Nandarasi Dispensary,5,North Kinangop Ward,In JTP IPSL; Is C&T site; Is PMTCT site; Jamii Tekelezi
Fg18SYNETmu,ACK Dispensary (Isiolo),ACK Dispensary (Isiolo),5,Burat Ward,Bread for the World Project
Fzwvhn805YI,Family Care Medical Centre (Meru),Family Care Medical Centre (Meru),5,Municipality Ward,In JTP IPSL; Is C&T site; Is PMTCT site; Jamii Tekelezi
G5nMS2OZrdN,Ithimbari Dispensary,Ithimbari Dispensary,5,Abogeta West Ward,In JTP IPSL; Is C&T site; Is PMTCT site; Jamii Tekelezi
G8avY4Gzra8,Namboboto Dispensary,Namboboto (ACK) Health Centre,5,Namboboto-nambuku Ward,ACS Project; Gates Foundation - RMNCH
GCv9teCuS8H,Rwika Dispensary,Rwika Dispensary,5,Mbeti South Ward,In JTP IPSL; Jamii Tekelezi
GSBiP2fM5zp,Matata Nursing Hospital,Matata Nursing Hospital,5,West Kamagak Ward,ACS Project; Gates Foundation - RMNCH
GeQ8joSYNcm,Kaanwa Dispensary,Kaanwa Dispensary,5,Mariani Ward,In JTP IPSL; Is C&T site; Is PMTCT site; Jamii Tekelezi
GmnUAmcCmsV,Nazareth Hospital (Ruiru),Nazareth Hospital Ruiru,5,Biashara Ward,CHAP Stawisha
GsgjuCbw1LE,Cargo Human Care Clinic,Cargo Human Care Clinic,5,Ndenderu Ward,Gitlab Project
Gtj9Z3IFCRZ,Watamu (SDA) Dispensary,Watamu (SDA) Dispensary,5,Dabaso Ward,Bread for the World Project
GzJU2wkfa30,Lugulu Friends Mission Hospital,Lugulu Mission Hospital,5,Misikhu Ward,Gates Foundation - RMNCH
H3B4JAtTbeZ,Ikuu Dispensary,Ikuu Dispensary,5,Magumoni Ward,In JTP IPSL; Jamii Tekelezi
H6dJ8tUSdoq,Kaongo Health Centre,Kaongo Health Centre,5,Mwangathia Ward,In JTP IPSL; Is C&T site; Is PMTCT site; Jamii Tekelezi
HO8XXXER1ZS,Kikuyu (PCEA) Hospital,Kikuyu (PCEA) Hospital,5,Kikuyu Ward,ACS Project; CHAP Stawisha; Gates Foundation - RMNCH; Gitlab Project
HVOJPKtJhsG,Kijabe (AIC) Hospital,Kijabe (AIC) Hospital,5,Kijabe Ward,ACS Project; CHAP Stawisha; Gitlab Project
HgEHx7HWGXS,Gatunduri Dispensary,Gatunduri Dispensary,5,Mbeti North Ward,In JTP IPSL; Jamii Tekelezi
HjL1sFQUDS0,Nyamira Adventist Health Centre,Nyamira Adventist Health Centre,5,Township Ward,Gates Foundation - RMNCH
HxpQNuXuIRd,Waso AIPCA Dispensary,Waso AIPICA Disp. Isiolo,5,Bulla Pesa Ward,Bread for the World Project
I2z6MT7pHrX,Ranen (SDA) Dispensary,Ranen (SDA) Dispensary,5,North Sakwa Ward,ACS Project; Bread for the World Project; Gates Foundation - RMNCH
I9NS2CxsOqM,Lokori Health Centre,Lokori Health Centre,5,Lokori/Kochodin Ward,ACS Project
IB4zzLIkHFT,Chepnyal Dispensary,Chepnyal Dispensary,5,Sook Ward,Bread for the World Project; Gates Foundation - RMNCH
IIw7XjguWks,Kijabe (AIC) Hospital Marira Medical Clinic,Kijabe (AIC) Hospital Marira Medical Clinic,5,Lari/Kirenga Ward,CHAP Stawisha
IKdUHYliWr5,Bamboo Health Centre,Bamboo Health Centre,5,Magumu Ward,In JTP IPSL; Is C&T site; Is PMTCT site; Jamii Tekelezi
IVVvBhul17d,Uringu Health Centre,Uringu Health Centre,5,Nkomo Ward,In JTP IPSL; Is C&T site; Is PMTCT site; Jamii Tekelezi
IXiFtNKHo5f,Gatithi Dispensary,Gatithi Dispensary,5,Kiine Ward,CHAP Stawisha
IYM3agZtEok,Kitololoni Catholic Dispensary,Kitololoni Catholic Dispensary,5,Makima Ward,CHAP Stawisha
IlWbjdTM42i,Nthagaiya Catholic Dispensary,Nthagaiya Catholic Disp,5,Kagaari South Ward,In JTP IPSL; Is C&T site; Is PMTCT site; Jamii Tekelezi
Ip6XL8ad5Fy,Our Lady of Mercy (Magumu),Our Lady of Mercy (Magumu,5,Magumu Ward,In JTP IPSL; Jamii Tekelezi
IqxpJrVL9lX,FGC of Kenya Medical Centre,FGC of Kenya Medical Centre,5,Molo Ward,ACS Project; Gates Foundation - RMNCH; Gitlab Project
IzazwT0OMF8,Rukira Dispensary,Rukira Dispensary,5,Kithimu Ward,In JTP IPSL; Jamii Tekelezi
JNMSLmAAn4F,Churo Dispensary,Churo Dispensary,5,Churo/Amaya Ward,Gates Foundation - RMNCH
JPl6BiRGUjp,Murungaru Health Centre,Murungaru Health Centre,5,Murungaru Ward,In JTP IPSL; Is C&T site; Is PMTCT site; Jamii Tekelezi
JWdMKPTg0HL,Njabini Health Centre,Njabini Health Centre,5,Njabani/Kiburu Ward,In JTP IPSL; Is C&T site; Is PMTCT site; Jamii Tekelezi
JfN8Z99ACsS,Kigaa Dispensary,Kigaa Dispensary,5,Central Ward,In JTP IPSL; Jamii Tekelezi
JfanPlPxNKE,Gategi Health Centre,Gategi Health Centre,5,Mwea Ward,In JTP IPSL; Is C&T site; Is PMTCT site; Jamii Tekelezi
Jg3AKpoTgyf,Kathanje Dispensary,Kathanje Dispensary,5,Muminji Ward,In JTP IPSL; Is C&T site; Is PMTCT site; Jamii Tekelezi
JpOeRsaZHoG,Ngorika Dispensary,Ngorika Health Centre,5,Kanjuiri Range Ward,In JTP IPSL; Is C&T site; Is PMTCT site; Jamii Tekelezi
K2ONWpvXjM9,Kibugua Health Centre,Kibugua Health Centre,5,Magumoni Ward,In JTP IPSL; Is C&T site; Is PMTCT site; Jamii Tekelezi
K4FWeDZV2o0,Kaelo Dispensary,Kaelo Dispensary,5,Antuambui Ward,In JTP IPSL; Is C&T site; Is PMTCT site; Jamii Tekelezi
KAr8IJxZVtv,Kiguchwa Dispensary,Kiguchwa Health Centre,5,Kinguchwa Ward,In JTP IPSL; Is C&T site; Is PMTCT site; Jamii Tekelezi
KCKQZfmxuKS,Nyambene District Hospital,Nyambene District Hospital,5,Maua Ward,In JTP IPSL; Is C&T site; Is PMTCT site; Jamii Tekelezi
KERTH85vVHa,Karaba Wango Dispensary,Karaba Wango Mission Dispensary,5,Mwea Ward,In JTP IPSL; Is PMTCT site; Jamii Tekelezi
KJrHBLlkXkW,Masaba Health Centre,Masaba Health Centre,5,Masaba Ward,Gates Foundation - RMNCH
KN2rGrHVSJM,Charuru Dispensary,Charuru Dispensary,5,Muthara Ward,In JTP IPSL; Jamii Tekelezi
KYc50Vep5A8,Eronge Health Centre,Eronge Health Centre,5,Esise Ward,ACS Project; Gates Foundation - RMNCH
KgUiqNMrUph,Manyatta Dispensary,Manyatta Dispensary,5,Heillu/Manyatta Ward,ACS Project
Kj2rML8tFk2,Mother Angela Huruma Hospital,Mother Angela Huruma Hospital,5,Nanyuki Ward,CHAP Stawisha
Kr5Vxuz1yLl,Mbeere District Hospital,Mbeere District Hospital,5,Nthawa Ward,In JTP IPSL; Is C&T site; Is PMTCT site; Jamii Tekelezi
KslEEBZU6b0,Ichomba Clinic,Ichomba Clinic,5,Abogeta West Ward,In JTP IPSL; Jamii Tekelezi
KysFcG0IQYZ,Manunga Health Centre,Manunga Health Centre,5,Kipipiri Ward,In JTP IPSL; Is C&T site; Is PMTCT site; Jamii Tekelezi
L4GDNxHEvSK,Wachoro Dispensary,Wachoro Dispensary,5,Mwea Ward,In JTP IPSL; Is C&T site; Is PMTCT site; Jamii Tekelezi
LMrrCJ5eIO3,Mpukoni Health Centre,Mpukoni Health Centre,5,Magumoni Ward,In JTP IPSL; Is C&T site; Is PMTCT site; Jamii Tekelezi
LT6XGXS57II,Kasuku Health Centre,Kasuku Health Centre,5,Weru Ward,In JTP IPSL; Is C&T site; Is PMTCT site; Jamii Tekelezi
La4FiUTG0Ed,Geta Bush Health Centre,Geta Bush Health Centre,5,Geta Ward,In JTP IPSL; Is C&T site; Is PMTCT site; Jamii Tekelezi
LtTKMgQOIOk,Kiraone Dispensary,Kiraone Dispensary,5,Athiru Gaiti Ward,In JTP IPSL; Is C&T site; Is PMTCT site; Jamii Tekelezi
M4MBI8p8WUr,Nyagowa Elck Dispensary,Nyagowa Dispensary,5,West Kasipul Ward,Gates Foundation - RMNCH
M5ta6XIocZh,Kinoro Sub-District Hospital,Kinoro Sub-District Hospi,5,Igoji West Ward,In JTP IPSL; Is C&T site; Is PMTCT site; Jamii Tekelezi
MEAv0YmXK3C,Tumaini National Youth Service Dispensary,Tumaini National Youth Se,5,Kanjuiri Range Ward,In JTP IPSL; Is C&T site; Is PMTCT site; Jamii Tekelezi
MQcFGwW1QsE,Kopanga Dispensary (CHAK),Kopanga Dispensary (CHAK),5,Wasimbete Ward,Bread for the World Project; Gates Foundation - RMNCH
MWWddpdCM6G,Makengi Dispensary (Embu),Makengi Dispensary (Embu),5,Gaturi North Ward,In JTP IPSL; Is C&T site; Is PMTCT site; Jamii Tekelezi
MgDJfPfoqid,St Michael Nursing Home,St Michael Nursing Home,5,Central Ward,In JTP IPSL; Jamii Tekelezi
Mh5GJbVMXaB,Nairobi Adventist Hospital Limited,Nairobi Adventist Hospital Limited,5,Karura Ward,Gates Foundation - RMNCH; Gitlab Project
Mrbd6SVKio5,Logologo AIC Dispensary,Logologo A.I.C Dispensary,5,Loglogo Ward,Bread for the World Project
MtUXQriAX6H,Kithimu Dispensary,Kithimu Dispensary,5,Kithimu Ward,In JTP IPSL; Is C&T site; Is PMTCT site; Jamii Tekelezi
MxxUSfpmXEr,Kianjokoma Sub-District Hospital,Kianjokoma Sub-DH,5,Kagaari North Ward,In JTP IPSL; Is C&T site; Is PMTCT site; Jamii Tekelezi
N636nMR9Hsh,Kalokol (AIC) Health Centre,Kalokol (AIC) Health Cent,5,Kalokol Ward,ACS Project; Bread for the World Project; Gates Foundation - RMNCH
NXGzLjdgyVi,Mutionjuri Health Centre,Mutionjuri Health Centre,5,Kianjai Ward,In JTP IPSL; Is C&T site; Is PMTCT site; Jamii Tekelezi
NXlTHAroEmk,Dallas Dispensary,Dallas Dispensary,5,Kirimari Ward,In JTP IPSL; Is C&T site; Is PMTCT site; Jamii Tekelezi
NhQSD4YkDy3,Mutiokiama Health Centre,Mutiokiama Health Centre,5,Akachiu Ward,In JTP IPSL; Is C&T site; Is PMTCT site; Jamii Tekelezi
NhqbIqtewwY,Future Life Dispensary,Future Life Dispensary,5,South East Alego Ward,Gates Foundation - RMNCH
NsOtD5QOM4t,Kairuri Health Centre,Kairuri Health Centre,5,Ruguru-ngandori Ward,In JTP IPSL; Is C&T site; Is PMTCT site; Jamii Tekelezi
Ny1Neo7owcC,Lokwatubwa (PAG) Dispensary,Lokwatubwa  (PAG) Dispensary,5,Loima Ward,Bread for the World Project; Gates Foundation - RMNCH
Oe4rhe2G6ug,Fountain Medical Centre,Fountain Medical Centre,5,Narok Town Ward,Gitlab Project
Of5ckH5BGZT,Olderkesi Dispensary,Olderkesi Dispensary,5,Naikarra Ward,Bread for the World Project
OnMW8Kn4YDf,Ogada Health Centre,Ogada Health Centre,5,Wasimbete Ward,Bread for the World Project
Ot3j6QXURjV,Riokindo Health Centre,Riokindo Health Centre,5,Bokimonge Ward,ACS Project; Gates Foundation - RMNCH
OwA3FdxjmkQ,Kima Mission Hospital,Kima Mission Hospital,5,Emabungo Ward,ACS Project; Gates Foundation - RMNCH
OwaQqvBExjF,Khasoko Health Centre,Khasoko Health Centre,5,Khasoko Ward,ACS Project; Gates Foundation - RMNCH
Ox532fak7j5,Matangwe Community Health Centre,Matangwe Community Health Centre,5,South Sakwa Ward,Gates Foundation - RMNCH
PBqYe1aI7YB,Akachiu Health Centre,Akachiu Health Centre,5,Kanuni Ward,In JTP IPSL; Is C&T site; Is PMTCT site; Jamii Tekelezi
PJESmU1NFjO,St Ann Hospital,St. Ann Hospital,5,Igoji East Ward,CHAP Stawisha
PoAHq41Wjsk,Silibwet Health Centre (Nyandarua West),Silibwet Health Centre,5,Gathanji Ward,In JTP IPSL; Is C&T site; Is PMTCT site; Jamii Tekelezi
Ps9kWPr86pD,Nguruki-Iruma Dispensary,Nguruki-Iruma Dispensary,5,Mwimbi Ward,In JTP IPSL; Jamii Tekelezi
PuCIJFEhQkq,Kionyo Dispensary,Kionyo H.C,5,Abogeta West Ward,In JTP IPSL; Is C&T site; Is PMTCT site; Jamii Tekelezi
Px9lcrdOOO6,ICFM Dreamland Mission Hospital,ICFM Dreamland Mission Hospital,5,Kibingei Ward,ACS Project; Gates Foundation - RMNCH
Q0WwPORvQYR,Mbitini Catholic Dispensary,Mbitini Catholic Disp,5,Emali/Mulala Ward,CHAP Stawisha
QCgPeQ0XSzz,Ugweri Dispensary,Ugweri Disp,5,Kagaari South Ward,In JTP IPSL; Jamii Tekelezi
QGDYhPfwBWt,Mbeu Sub-District Hospital,Mbeu Sub-District Hospital,5,Mbeu Ward,In JTP IPSL; Is C&T site; Is PMTCT site; Jamii Tekelezi
QUEf4kJAS00,Kambu Catholic Dispensary,Kambu Catholic Dispensary,5,Ivingoni/Nzambani Ward,CHAP Stawisha
QVUbWn7AIan,Ngiya Community Hospital Limited,Ngiya Community Hospital Limited,5,South East Alego Ward,Gates Foundation - RMNCH
QsbKIv43xwM,Kirima Dispensary,Kirima Dispensary,5,Shamata Ward,In JTP IPSL; Jamii Tekelezi
QtLL3zPlb1l,RTC Medical Centre,RTC Medical Clinic,5,Central Kasipul Ward,Gates Foundation - RMNCH
QtkuzgCwZnB,Kiambere Dam Dispensary,Kiambere Dam Dispensary,5,Muminji Ward,In JTP IPSL; Is C&T site; Is PMTCT site; Jamii Tekelezi
R3tvYrwsSZA,Kajuki Health Centre,Kajuki Health Centre,5,Igambang'ombe Ward,In JTP IPSL; Is C&T site; Is PMTCT site; Jamii Tekelezi
R41QQ3YpoYu,Kanyuambora Dispensary,Kanyuambora Dispensary,5,Evurore Ward,In JTP IPSL; Is C&T site; Is PMTCT site; Jamii Tekelezi
R6tG0IzAhpv,Heni Health Centre,Heni Health Centre,5,Githabai Ward,In JTP IPSL; Is C&T site; Is PMTCT site; Jamii Tekelezi
R8oYDOngoLk,Namoruputh (PAG) Health Centre,Namoruputh (PAG) Health Centre,5,Loima Ward,ACS Project; Bread for the World Project; Gates Foundation - RMNCH
REg5UDXlWWL,Kawiria Maternity and Nursing Home,Kawiria Maternity and NH,5,Maua Ward,In JTP IPSL; Is PMTCT site; Jamii Tekelezi
RG4eEDBQ8tm,Nazareth Hospital,Nazareth Hospital,5,Limuru East Ward,CHAP Stawisha
RPHJVk6E7GS,Kiirua Health Centre,Kiirua Health Centre,5,Kiirua/Naari Ward,In JTP IPSL; Is C&T site; Is PMTCT site; Jamii Tekelezi
RPNI2yciVPb,Gatimu Health Centre,Gatimu Health Centre,5,Gatimu Ward,In JTP IPSL; Is C&T site; Is PMTCT site; Jamii Tekelezi
RUBAdXhzucO,Chamuka Dispensary,Chamuka (CDF) Dispensary,5,Weru Ward,In JTP IPSL; Is C&T site; Is PMTCT site; Jamii Tekelezi
RmqDWK6KpK3,Barotion (AIC) Dispensary,Barotion (AIC) Dispensary,5,Londiani Ward,Gates Foundation - RMNCH
RpW4L3sZsvi,Plateau Hospital,Plateau Hospital,5,Kaptagat Ward,Gates Foundation - RMNCH
S4GqmehPtUY,Katyethoka Health Centre,Katyethoka Health Centre,5,Mutha Ward,CHAP Stawisha
S9EM52EwGgF,Timau Catholic Dispensary,Timau Mission,5,Timau Ward,In JTP IPSL; Is PMTCT site; Jamii Tekelezi
SKJI5xtKLmd,Mastoo Dispensary,Mastoo Dispensary,5,Shamata Ward,In JTP IPSL; Jamii Tekelezi
SWDBkgq9Eqe,Matongo Health Centre,Matongo Health Centre,5,Bokeira Ward,Gates Foundation - RMNCH
SYc2EtoHIAJ,Kiarago Health Centre,Kiarago HC,5,Nkuene Ward,In JTP IPSL; Jamii Tekelezi
SdFx8cdCB6P,Kunati Health Centre,Kunati Health Centre,5,Thangatha Ward,In JTP IPSL; Is C&T site; Is PMTCT site; Jamii Tekelezi
SfTrvW441Q0,Karangatha Health Centre,Karangatha Health Centre,5,Nyakio Ward,In JTP IPSL; Is C&T site; Is PMTCT site; Jamii Tekelezi
SiFad15yKhZ,JM Kariuki County Memorial Hospital (Olkalou),JM Kariuki County Memorial Hospital (Olkalou),5,Rurii Ward,In JTP IPSL; Is C&T site; Is PMTCT site; Jamii Tekelezi
SkQZUBdlpnz,AIC Kalamba Dispensary,AIC Kalamba Dispensary,5,Nzaui/Kilili/Kalamba Ward,CHAP Stawisha
SkWeQkXKTzL,Alale (AIC) Health Centre,Alale (AIC) Health Centre,5,Alale Ward,Bread for the World Project; Gates Foundation - RMNCH
Sl09BVeTcZl,Mundoli Health Centre,Mundoli Health Centre,5,Kisa Central Ward,Gates Foundation - RMNCH
T0UkaIvU3F9,Kaliani Dispensary,Kaliani Dispensary,5,Kanziku Ward,CHAP Stawisha
TblKjH1ctLD,Mwangaza Ulio Na Tumaini,Mwangaza ulio na tumaini,5,Korogocho Ward,Gates Foundation - RMNCH; Gitlab Project
TpILSUucrQK,Kiangondu Dispensary,Kiangondu Dispensary,5,Karingani Ward,CHAP Stawisha
UItLmkkqt09,Mweronkaga Health Centre,Mweronkaga Health Centre,5,Akithii Ward,In JTP IPSL; Is C&T site; Is PMTCT site; Jamii Tekelezi
ULobKkMnBuO,Chuka Cottage Hospital,Chuka Cottage Hospital,5,Karingani Ward,In JTP IPSL; Is PMTCT site; Jamii Tekelezi
UUbhK0ZeTTz,Kagio Catholic Dispensary (Mary Immucate Catholic Dispensary),Kagio Catholic Disp (MICD,5,Kiine Ward,CHAP Stawisha
UdcrfRV5diV,Kaimbaga Dispensary,Kaimbaga Health Centre,5,Kaimbaga Ward,In JTP IPSL; Is C&T site; Is PMTCT site; Jamii Tekelezi
V2RIOHHsYjQ,Sabatia Eye Hospital Mission,Sabatia Eye Hospital Miss,5,Wodanga Ward,ACS Project
VDr1OojYAjX,Nkubu Dispensary,Nkubu Dispensary,5,Nkuene Ward,In JTP IPSL; Is C&T site; Is PMTCT site; Jamii Tekelezi
VFz5dSLBYWL,Kunene Health Centre,Kunene Health Centre,5,Nkomo Ward,In JTP IPSL; Is PMTCT site; Jamii Tekelezi
VI8FnbLBPDD,Mbuyu Dispensary,Mbuyu Dispensary,5,Leshau/Pondo Ward,In JTP IPSL; Jamii Tekelezi
VKU1Pm3yNeW,Kiereni Dispensary,Kiereni Dispensary,5,Mugwe Ward,CHAK MHU; In JTP IPSL; Is PMTCT site; Jamii Tekelezi
VbYot2ROb2I,Mboroga Dispensary,Mboroga Health Centre,5,Kibirichia Ward,In JTP IPSL; Is C&T site; Jamii Tekelezi
Vddks98p1ro,Monianku Health Centre,Moniaku Health Centre,5,Borabu/Chitago Ward,ACS Project; Gates Foundation - RMNCH
VoW67kdzIju,Mutito Catholic Dispensary,Mutito Catho Dispensary,5,Mutitu/Kaliku Ward,CHAP Stawisha
VsK11IQUWdd,Acef Ena Health Centre,Acef Ena Health Centre,5,Kagaari South Ward,In JTP IPSL; Is C&T site; Is PMTCT site; Jamii Tekelezi
W5tfdo7JoJL,AIC Dispensary (Isiolo),AIC Dispensary(Isiolo),5,Wabera Ward,Bread for the World Project
WCjUg04KkUY,Kibunga Sub-District Hospital,Kibunga Sub-District Hosp,5,Marimanti Ward,In JTP IPSL; Is C&T site; Is PMTCT site; Jamii Tekelezi
WV0WSrN5Wki,Oyani (SDA) Dispensary,Oyani (SDA) Dispensary,5,West Kanyamkago Ward,Bread for the World Project; Gates Foundation - RMNCH
Wj1gBKsF1lB,Kakuma Mission Hospital,Kakuma Mission Hospital,5,Kakuma Ward,ACS Project
Wl8S53qfNST,Uruku Dispensary,Uruku Dispensary,5,Central Ward,In JTP IPSL; Is PMTCT site; Jamii Tekelezi
XFmkizVkihs,Githongo District Hospital,Githongo District Hospital,5,Abothuguchi West Ward,In JTP IPSL; Is C&T site; Is PMTCT site; Jamii Tekelezi
Xac1eOb2dTq,St Paul Dispensary,St Paul Dispensary,5,Ugunja Ward,Gates Foundation - RMNCH
XcONFFYJVWE,Tenwek Mission Hospital,Tenwek Mission Hospital,5,Silibwet Township Ward,ACS Project; Gates Foundation - RMNCH
XgnBT8Pug4r,Chogoria (PCEA) Hospital,Chogoria (PCEA) Hospital,5,Chogoria Ward,ACS Project; CHAP Stawisha; Gates Foundation - RMNCH; Gitlab Project
XpgCObK6h8l,Thanantu Faith Clinic Dispensary,Thanantu Faith Clinic Dis,5,Mukothima Ward,In JTP IPSL; Is C&T site; Is PMTCT site; Jamii Tekelezi
XzQQ1Kwv9lP,St Teresa Catholic Dispensary,St Teresa Catholic Dispensary,5,Wamumu Ward,CHAP Stawisha
Y9ozzrFMnYy,St Mary Health Centre (Kiserian),St Mary HC (Kiserian),5,Keekonyokie Ward,CHAP Stawisha
YFYpHHWmaAE,Athi Mission Clinic,Athi Mission Clinic,5,Athi Ward,CHAP Stawisha
YFxIyCBX0oG,Ntemwene Dispensary,Ntemwene Dispensary,5,Nkuene Ward,In JTP IPSL; Jamii Tekelezi
YSPee8KLHhq,Ingotse Dispensary,Ingotse Dispensary,5,Ingoste-matiha Ward,ACS Project; Gates Foundation - RMNCH
YTgby61ISnd,Kiriogo Dispensary,Kiriogo Dispensary,5,Central Ward,In JTP IPSL; Jamii Tekelezi
ZAh3Z32unZx,Gakoromone Dispensary,Gakoromone Dispensary,5,Ntima East Ward,In JTP IPSL; Is C&T site; Is PMTCT site; Jamii Tekelezi
ZLKeFpFXbAQ,Cmf Aitong Health Centre,Cmf Aitong Health Centre,5,Mara Ward,Bread for the World Project; CHAP Stawisha; Gates Foundation - RMNCH
ZVjBzM0mybV,HWWK Maua Dice,HWWK Maua Dice,5,Maua Ward,In JTP IPSL; Is C&T site; Jamii Tekelezi
Zl8JMj5NOHk,Kamumu Dispensary,Kamumu Dispensary,5,Evurore Ward,In JTP IPSL; Is C&T site; Is PMTCT site; Jamii Tekelezi
ZqmBdrwI59g,Olborosat Dispensary,Olbollosat Dispensary,5,Gathanji Ward,In JTP IPSL; Is C&T site; Is PMTCT site; Jamii Tekelezi
aKjGXxIWmX3,Lokichar (RCEA) Health Centre,Lokichar (RCEA) HC,5,Lokichar Ward,Gates Foundation - RMNCH
ag64ujDJHs6,Nyanchwa Adventist Hospital,Nyanchwa  Hospital,5,Kisii Central Ward,ACS Project; CHAK MHU; Gates Foundation - RMNCH
am3tU3bLhO8,Karama Health Centre,Karama Health Centre,5,Karama Ward,In JTP IPSL; Is C&T site; Is PMTCT site; Jamii Tekelezi
amP1kWytNm2,Consolata Kyeni Hospital,Consolata Hospital Kyeni,5,Kyeni North Ward,CHAP Stawisha
b1Jlgi9MyPT,St Joseph Catholic Dispensary (Igembe),St Joseph Catholic Disp(I,5,Kangeta Ward,In JTP IPSL; Jamii Tekelezi
bArGQMJx5Vs,Turasha Dispensary,Turasha Dispensary,5,Githioro Ward,In JTP IPSL; Is PMTCT site; Jamii Tekelezi
cLBvS1WGEQF,Old Mawingu Health Centre,Old Mawingu Health Centre,5,Githioro Ward,In JTP IPSL; Is C&T site; Is PMTCT site; Jamii Tekelezi
cPU7gAlPGs7,Sagam Community Hospital,Sagam Community Hospital,5,East Gem Ward,Gates Foundation - RMNCH
cSJA4hwmlLm,Mwihila Mission Hospital,Mwihila Mission Hospital,5,Kisa North Ward,ACS Project; Gates Foundation - RMNCH
cV6VsQJFA5A,Mukui Health Centre,Mukui Health Center,5,Ganga Ward,In JTP IPSL; Is C&T site; Is PMTCT site; Jamii Tekelezi
cacMe5d5411,Ngito Dispensary,Ngito Dispensary,5,Ilmotiook Ward,Bread for the World Project
cmay4WXRmhA,Gatunga Health Centre,Gatunga Health Centre,5,Marimanti Ward,In JTP IPSL; Is C&T site; Is PMTCT site; Jamii Tekelezi
cstMyxSGR2e,Living Room International,Living Room International,5,Kapsoya Ward,Gates Foundation - RMNCH
d0imj0dhHw1,Timau Sub-County Hospital,Timau SCH,5,Timau Ward,In JTP IPSL; Is C&T site; Is PMTCT site; Jamii Tekelezi
d23ZMyDAOEE,St Mathews and Sarah Dispensary,St Mathews and Sarah Disp,5,Mirangine Ward,In JTP IPSL; Is C&T site; Is PMTCT site; Jamii Tekelezi
dLQjsqOgttT,Mulango (AIC) Health Centre,Mulango (AIC) Health Centre,5,Mulango Ward,ACS Project; Bread for the World Project; CHAK MHU; CHAP Stawisha; Gates Foundation - RMNCH
dLWshrUrHts,Tinganga Catholic Dispensary,Tinganga Catholic Disp,5,Ting'ang'a Ward,CHAP Stawisha
dU7dDBWWWDi,Shamata Health Centre,Shamata Health Centre,5,Shamata Ward,In JTP IPSL; Is C&T site; Is PMTCT site; Jamii Tekelezi
dtbW7eHfCpd,Chugu Dispensary,Chugu D,5,Nyaki West Ward,In JTP IPSL; Is C&T site; Is PMTCT site; Jamii Tekelezi
dzPtnXVHu7C,Kiritiri Health Centre,Kiritiri Health Centre,5,Mavuria Ward,In JTP IPSL; Is C&T site; Is PMTCT site; Jamii Tekelezi
dzY2ptkmDAC,Bishop Kioko Catholic Hospital,Bishop Kioko Catholic Hospital,5,Machakos Central Ward,CHAP Stawisha
eDZupn6owH8,Tunyai Health centre,Tunyai Health Centre,5,Chiakagira Ward,CHAP Stawisha
eKeevmjKeuN,Gaciongo Dispensary,Gaciongo Disp (Tharaka),5,Mukothima Ward,In JTP IPSL; Is PMTCT site; Jamii Tekelezi
eM3PnqBIqcR,Kigumo Dispensary,Kigumo Model Health Centre,5,Kyeni South Ward,In JTP IPSL; Is C&T site; Is PMTCT site; Jamii Tekelezi
eQ411WldmOy,Tumutumu (PCEA) Hospital,Tumutumu (PCEA) Hospital,5,Kirimukuyu Ward,ACS Project; CHAP Stawisha; Gates Foundation - RMNCH; Gitlab Project
ebXoTw3om83,PEFA Mercy Medical Centre,Pefa Mercy Medical Center,5,Ndumberi Ward,ACS Project; Gates Foundation - RMNCH; Gitlab Project
evV553fu7J8,Matuu Mission Health Centre,Matuu Mission Hospital,5,Matuu Ward,CHAP Stawisha
f1mpqnM6p8W,Laare Health Centre,Laare Health Centre,5,Ntunene Ward,CHAP Stawisha
f8GXUUOSkR6,Runyenjes District Hospital,Runyenjes DH,5,Central Ward,In JTP IPSL; Is C&T site; Is PMTCT site; Jamii Tekelezi
fKR3N7cmgQl,Kanyakine District Hospital,Kanyakine District Hospit,5,Abogeta East Ward,In JTP IPSL; Is C&T site; Is PMTCT site; Jamii Tekelezi
fMFsmycdb6z,Kaboson Health Centre,Kaboson Health Centre,5,Chebunyo Ward,Gates Foundation - RMNCH
fMMxisqLyA8,Cottolengo Mission Hospital,Cottolengo Mission Hospital,5,Mwangathia Ward,Is C&T site
fMexRJbQRAw,Consolata Mission Hospital (Nkubu),Consolata Hospital (Nkubu),5,Nkuene Ward,CHAP Stawisha
fS76SN2mDYs,Engineer District Hospital,Engineer District Hospita,5,Gathara Ward,In JTP IPSL; Is C&T site; Is PMTCT site; Jamii Tekelezi
fUo2NrKCikw,Chwele Friends Dispensary,Chwele Friends Dispensary,5,Namwela Ward,Gates Foundation - RMNCH
fXf88nqZeKn,Magutuni District Hospital,Magutuni District Hospita,5,Mwimbi Ward,In JTP IPSL; Is C&T site; Is PMTCT site; Jamii Tekelezi
fkW2AtRyW2I,Mikumbune Sub-District Hospital,Mikumbune Sub-District Ho,5,Nkuene Ward,In JTP IPSL; Is C&T site; Is PMTCT site; Jamii Tekelezi
fmLvEUsG5e5,Soweto Kayole Phc Health Centre,Soweto  Kayole PHC Health,5,Lower Savannah Ward,Gitlab Project
g9QbZTBk5sC,Holy Cross Dispensary,Holy Cross  Dispensary,5,Ndeiya Ward,CHAP Stawisha
gCRidS1x9ty,North Kinangop Catholic Hospital,North Kinangop Catholic H,5,Gathara Ward,CHAP Stawisha
gEEJqBQ2vqX,Maseno Mission Hospital,Maseno Mission Hospital,5,North West Kisumu Ward,ACS Project; CHAK MHU; Gates Foundation - RMNCH
gMmgEY1hq3W,Faith Nursing Home (Ikutha),Faith Clinic (Ikutha),5,Ikutha Ward,CHAP Stawisha
gTC4YDSbhb6,Gatunga Model Health Centre,GATUNGA MODEL H/C,5,Gatunga Ward,In JTP IPSL; Is PMTCT site; Jamii Tekelezi
gftsQ7OuziL,Light House Medical Centre,Light House Medical Centre,5,Miritini Ward,Gates Foundation - RMNCH
ghAFXf6JkoY,Kieni Kia Ndege Dispensary,Kieni Kia Ndege Disp,5,Igoji East Ward,In JTP IPSL; Is C&T site; Is PMTCT site; Jamii Tekelezi
ghygCp0yjh3,PCEA Kasasule Dispensary,PCEA Kasasule Disp(Kibwez,5,Thange Ward,CHAP Stawisha
gldtQG24s2F,Chesta Dispensary,Chesta Dispensary,5,Lomut Ward,Bread for the World Project; Gates Foundation - RMNCH
gvyTCFjYnOU,Igoki Dispensary,Igoki Dispensary,5,Ntima East Ward,In JTP IPSL; Is C&T site; Is PMTCT site; Jamii Tekelezi
gwSSgY6zYfC,Liviero Dispensary,Liviero Dispensary,5,Mbeti South Ward,In JTP IPSL; Is PMTCT site; Jamii Tekelezi
h8gciTrB04j,Impact Health Care,Impact Health Care,5,Kiamaina Ward,Gates Foundation - RMNCH; Gitlab Project
h90pFNjfJ14,Consolata Hospital Gitoro,Consolata Hospital Gitoro,5,Municipality Ward,In JTP IPSL; Is C&T site; Is PMTCT site; Jamii Tekelezi
hCCacTXjCYp,St Charles Lwanga Dispensary,St. Charles Lwanga C. HC,5,Limuru Central Ward,CHAP Stawisha
hIpsmAXAhVb,Kawiru Dispensary,Kawiru Dispensary,5,Athiru Ruujine Ward,In JTP IPSL; Is C&T site; Is PMTCT site; Jamii Tekelezi
hLkFV8Z02ys,Syongila (ACK) Dispensary,Syongila (ACK) Dispensary,5,Township Ward,ACS Project; Bread for the World Project
hSKpgCPZYm2,D Comboni Mission,D Comboni Mission,5,Ndithini Ward,CHAP Stawisha
hZqDvGaLiEr,Turi (PCEA) Dispensary,Turi (PCEA) Dispensary,5,Turi Ward,ACS Project
hiLD4yCxIAC,Katakani Dispensary,Katakani Dispensary,5,Kyuso Ward,ACS Project; CHAK MHU; CHAP Stawisha
hxW3BziXi9a,Christian Community Services Dispensary (Maua),CCS (ACK) Dispensary,5,Maua Ward,In JTP IPSL; Is PMTCT site; Jamii Tekelezi
iE17KE2PvJf,Pesi Dispensary,Pesi Dispensary,5,Shamata Ward,In JTP IPSL; Is PMTCT site; Jamii Tekelezi
iLfGXM4vg6l,Muthambi Health Centre,Muthambi Health Centre,5,Muthambi Ward,In JTP IPSL; Is C&T site; Is PMTCT site; Jamii Tekelezi
iOtmyIoDd6i,Nganduri Dispensary,Nganduri Dispensary,5,Mbeti South Ward,In JTP IPSL; Is C&T site; Is PMTCT site; Jamii Tekelezi
iQqQPaktVMP,Dolphil Nursing & Maternity Home,Dolphil Nursing & Maternity Home,5,East Gem Ward,ACS Project; Gates Foundation - RMNCH
iSzLcFdtWbX,Oljororok Catholic Dispensary,Oljororok Catholic Disp,5,Weru Ward,In JTP IPSL; Jamii Tekelezi
ih5hkcBBCDG,Nthambiro Dispensary,Nthambiro Health Centre,5,Igembe East Ward,In JTP IPSL; Is C&T site; Is PMTCT site; Jamii Tekelezi
ijkWLvIGDoy,Kiamuchairu Health Centre,Kiamuchairu Health Center,5,Chogoria Ward,In JTP IPSL; Is C&T site; Is PMTCT site; Jamii Tekelezi
ixOiUM1rnYq,Kanja Health Centre,Kanja Health Centre,5,Kagaari North Ward,In JTP IPSL; Is C&T site; Is PMTCT site; Jamii Tekelezi
jLbIZHuRAYh,Weru Health Centre (Nyandarua South),Weru Health Centre,5,Engineer Ward,In JTP IPSL; Is C&T site; Is PMTCT site; Jamii Tekelezi
jSOWQUkhPVF,Kathangacini Dispensary,Kathangacini Dispensary,5,Gatunga Ward,In JTP IPSL; Is PMTCT site; Jamii Tekelezi
jjB3t9QR37q,Gesusu (SDA) Dispensary,Gesusu (SDA) Dispensary,5,Gesusu Ward,Gates Foundation - RMNCH
jobx0qAOpoC,Mikinduri Sub-District Hospial,Mikinduri Sub-District Ho,5,Mikinduri Ward,In JTP IPSL; Is C&T site; Is PMTCT site; Jamii Tekelezi
jtiEDT1LMuP,Kiamuringa Dispensary,Kiamuringa Dispensary,5,Mbeti South Ward,In JTP IPSL; Is C&T site; Is PMTCT site; Jamii Tekelezi
k9FKlV68YYJ,St Joseph (ACK) Kanyariri Dispensary,St Joseph (ACK) Kanyariri,5,Gitaru Ward,Gitlab Project
kKYdOJ0uRod,New Mawingu Health Centre,New Mawingo Dispensary,5,Karau Ward,In JTP IPSL; Is C&T site; Is PMTCT site; Jamii Tekelezi
kTcvbvWVT7c,Kathithi Dispensary,Kathithi Dispensary,5,Nyaki West Ward,In JTP IPSL; Is C&T site; Is PMTCT site; Jamii Tekelezi
kfyFrKOKqnz,Huhoini Dispensary,Huhoini Dispensary,5,Gathanji Ward,In JTP IPSL; Jamii Tekelezi
kgwPDqMydjo,Ishiara Sub-District Hospital,Ishiara Sub-District Hosp,5,Evurore Ward,In JTP IPSL; Is C&T site; Is PMTCT site; Jamii Tekelezi
kwyBjVtokh1,Makueni Catholic Dispensary,Makueni Catholic Disp,5,Wote Ward,CHAP Stawisha
l8miWevqFuS,Matare SDA Dispensary,Matare SDA Dispensary,5,Ntimaru West Ward,ACS Project; Bread for the World Project; Gates Foundation - RMNCH
lIp9zbMt3dv,Kiburine Dispensary,Kiburine Dispensary,5,Nyaki East Ward,In JTP IPSL; Is C&T site; Is PMTCT site; Jamii Tekelezi
lKpXR0GzrAD,Chepareria (SDA) Dispensary,Chepareria SDA Dispensary,5,Chepareria Ward,Bread for the World Project
ldTs7l4tu6V,Subuku Dispensary (Nyandarua North),Subuku Health Centre,5,Central Ward,In JTP IPSL; Is C&T site; Is PMTCT site; Jamii Tekelezi
lmRB0IvtF1n,Oasis Medical Center,Oasis Medical Center,5,Shimo La Tewa Ward,ACS Project; Bread for the World Project
lna5hD9un4O,Mwea Mission (Our Lady of Lourdes) Hospital,Mwea Mission (Our Lady of Lourdes) Hospital,5,Thiba Ward,CHAP Stawisha
lqUH9qJYc2r,Wanjohi Health Centre,Wanjohi Health Centre,5,Wanjohi Ward,In JTP IPSL; Is C&T site; Is PMTCT site; Jamii Tekelezi
lwUfSBkSOE0,Chiakariga Health Centre,Chiakariga H/C,5,Chiakagira Ward,Is C&T site; Is PMTCT site
m6ITwjXu5J5,Naivasha (AIC) Medical Centre,Naivasha (AIC)Medical Centre,5,Hellsgate Ward,CHAP Stawisha; Gitlab Project
m7Apm4vbqtE,Tuuru Catholic Health Centre,Tuuru Catholic HC,5,Akirang'ondu Ward,In JTP IPSL; Is C&T site; Is PMTCT site; Jamii Tekelezi
mUTjOetE3rb,Mufu Dispensary,Mufu Dispensary,5,Kyeni North Ward,In JTP IPSL; Jamii Tekelezi
mUu3mPfuVz2,Mfangano Central Adventies Mission,Mfangano Central Adventies Mission,5,Mfangano Island Ward,Gates Foundation - RMNCH
mZq9BpNMPFG,Nembure Health Centre,Nembure Health Centre,5,Gaturi South Ward,In JTP IPSL; Is C&T site; Is PMTCT site; Jamii Tekelezi
mumySpVMRiC,Tumaini Medical Clinic (Marsabit),Tumaini Medical Clinic (Marsabit),5,Marsabit Central Ward,Bread for the World Project
n33t3QkAiUY,Jumuia Hospital (Huruma),Huruma (NCCK) Dispensary,5,Kiamaiko Ward,ACS Project; Gates Foundation - RMNCH; Gitlab Project
n4rUR8alV2I,Olkoroi Dispensary,Olkoroi Dispensary,5,Naikarra Ward,CHAP Stawisha
n69slLZD3v3,Geltrude Health Centre,Getrude Dispensary,5,Mbeti North Ward,In JTP IPSL; Is PMTCT site; Jamii Tekelezi
n7ytFkIygmW,Kathigu Health Centre,Kathigu Health Centre,5,Igoji East Ward,In JTP IPSL; Is C&T site; Is PMTCT site; Jamii Tekelezi
nGyonUvdpOm,St Theresa Hospital (Kiirua),kiirua mission,5,Kiirua/Naari Ward,In JTP IPSL; Is C&T site; Is PMTCT site; Jamii Tekelezi
nJ74OdDWIhS,Kithegi Dispensary,Kithegi Dispensary,5,Kithimu Ward,In JTP IPSL; Jamii Tekelezi
nXaMv9GOjWk,St Elizabeth Health Centre,St Elizabeth Health Centr,5,Maji Moto/Naroosura Ward,CHAP Stawisha
ncUbBz02BRI,Mweru Dispensary,Mweru Disp,5,Igoji East Ward,In JTP IPSL; Jamii Tekelezi
ntFlGCG7dUY,Wesley Health Centre,Wesley Health Centre,5,Lanet/Umoja Ward,ACS Project; Gates Foundation - RMNCH
o5gKwnxxShA,Cascade of Hope Health Care,Cascade of Hope Health Care,5,Ruai Ward,Gates Foundation - RMNCH; Gitlab Project
oAXtRPjvnSF,Impact Health Care Annex,Impact Health Care Annex,5,Kabazi Ward,Gates Foundation - RMNCH; Gitlab Project
oaUZAfsPmoJ,Karurumo Rhtc,Karurumo RHTC,5,Kyeni South Ward,In JTP IPSL; Is C&T site; Is PMTCT site; Jamii Tekelezi
oau2wlYZlO3,Githumu Hospital,Githumu Hospital,5,Ruchu Ward,ACS Project; CHAP Stawisha; Gates Foundation - RMNCH; Gitlab Project
oc5gvs8WhFF,St Lukes Cottage Hospital,St Lukes Cottage Hospital,5,Kiagu Ward,In JTP IPSL; Jamii Tekelezi
oii4V7vuPXN,Kamwathu Dispensary,Kamwathu Dispensary,5,Gatunga Ward,In JTP IPSL; Is PMTCT site; Jamii Tekelezi
ojdsW3HFt5P,St Joseph Kavisuni Health Centre,St Joseph Kavisuni Health Centre,5,Kisasi Ward,CHAP Stawisha
olWgUsoEXF9,Mitunguu CCS Dispensary,Mitunguu CCS Clinic,5,Mitunguu Ward,In JTP IPSL; Jamii Tekelezi
pITV7RGeKeJ,Ccs Kiritiri Clinic,CCS Kiritiri Clinic,5,Mavuria Ward,In JTP IPSL; Is PMTCT site; Jamii Tekelezi
pKwQQQX1kLw,Kanziku Health Centre,Kanziku Health Centre,5,Kanziku Ward,CHAP Stawisha
pM6L7uFojJG,Imara Health Centre,Imara Health Centre,5,Imara Daima Ward,Gates Foundation - RMNCH; Gitlab Project
pP9chFqKMHb,Miathene District Hospital,Miathene District Hospita,5,Kianjai Ward,In JTP IPSL; Is C&T site; Is PMTCT site; Jamii Tekelezi
pVsn7nkMvBE,Engos Health Centre Africa Mission Services,Engos Health Centre Africa Mission Services,5,Lolgorian Ward,Bread for the World Project; Gates Foundation - RMNCH
pZP7AaTtwYq,Churo Health Centre,Churo Health Centre,5,Churo/Amaya Ward,CHAK MHU
pjoG55x2KMq,Kikoko Mission Hospital,Kikoko Mission Hospital,5,Kilungu Ward,CHAP Stawisha
pnELrefcHxQ,Maua Methodist Hospital,Maua Methodist Hospital,5,Maua Ward,ACS Project; CHAP Stawisha; Gates Foundation - RMNCH; Gitlab Project
pnLsN07Qaut,Ogande Dispensary,Ogande Dispensary,5,Homa Bay East Ward,ACS Project
pti6tGt9YYZ,Giaki Sub-District Hospital,Giaki Sub-District Hospit,5,Nyaki East Ward,In JTP IPSL; Is C&T site; Is PMTCT site; Jamii Tekelezi
pvtkOPp8UE4,Karau Health Centre,Karau Health Centre,5,Nginda Ward,In JTP IPSL; Is C&T site; Is PMTCT site; Jamii Tekelezi
pyVe7DfRPnj,Langas RCEA Health Center,Langas Rcea Health Center,5,Langas Ward,Gates Foundation - RMNCH
q0HFYe46rHe,Nyambare Health Centre,Nyambare Health Centre,5,Usonga Ward,ACS Project; Gates Foundation - RMNCH
q6NwSRm7CoV,Kahembe Health Centre,Kahembe Health Centre,5,Kiritta Ward,In JTP IPSL; Is C&T site; Is PMTCT site; Jamii Tekelezi
q9xXncCEGRK,Sacred Heart Dispensary,Sacred Heart Dispensary,5,Muchatha Ward,CHAP Stawisha
qDGxffdJQuj,Lopur (AIC) Dispensary (Turkana West),Lopur (AIC) Dispensary (Turkana West),5,Lopur Ward,Bread for the World Project
qEFntaDExdm,Church Army Medical Clinic,Church Army Medical Clinic,5,Maringo/Hamza Ward,Gitlab Project
qEsCuWc2eMM,Mutuati Sub-County Hospital,Mutuati SCH,5,Amwathi Ward,In JTP IPSL; Is C&T site; Is PMTCT site; Jamii Tekelezi
qWhq6ucH0t0,Naari Health Centre,Naari Sub-District Hospital,5,Kiirua/Naari Ward,In JTP IPSL; Is C&T site; Is PMTCT site; Jamii Tekelezi
qZIiCNR0SIG,Malanga (AIC) Dispensary,Malanga (AIC) Dispensary,5,Sokoke Ward,Bread for the World Project
qofxRUgcFyD,Kiamiriru MCK Dispensary,Kiamiriru MCK Dispensary,5,Ntima West Ward,In JTP IPSL; Jamii Tekelezi
qsSIimN71Bx,Zombe (AIC) Health Centre,Aic Zombe Health Centre,5,Zombe/Mwitika Ward,ACS Project; Bread for the World Project; CHAK MHU; CHAP Stawisha; Gates Foundation - RMNCH
qv3XmudB30S,Namarei Dispensary(Marsabit south),Namarei Dispensary,5,Korr/Ngurunit Ward,Bread for the World Project
qxRsPXiP9p4,St Orsola Mission Hospital,St Orsola Mission Hospita,5,Chiakagira Ward,CHAP Stawisha
r7pU4IuyIJF,Mukungi Dispensary,Mukungi Dispensary,5,Murungaru Ward,In JTP IPSL; Jamii Tekelezi
r9Nw0PyLOZD,ACK MT Kenya Hospital (Mwea),ACK MT Kenya Hospital (Mwea),5,Tebere Ward,Gitlab Project
rDvrfrNkF7T,Lokichar Health Centre,Lokichar Health Centre,5,Lokichar Ward,ACS Project
rVDOiFMpHlD,Kibugu Health Centre,Kibugu Health Centre,5,Nginda Ward,In JTP IPSL; Is C&T site; Is PMTCT site; Jamii Tekelezi
riVaDMbSHNv,Lokori (AIC) Health Centre,Lokori (AIC) Health Centre,5,Lokori/Kochodin Ward,Bread for the World Project; Gates Foundation - RMNCH
rsNtXqATBzF,Kolanya Salvation Army Dispensary,Kolanya Salvation Army Disp,5,Ang'urai East Ward,Gates Foundation - RMNCH
rtH6GDmikh7,Gatab Health Centre,Gatab Health Centre,5,Loiyangalani Ward,Bread for the World Project
s11x854JKz0,Kambandi Dispensary,Kambandi Dispensary,5,Mugwe Ward,In JTP IPSL; Is C&T site; Is PMTCT site; Jamii Tekelezi
s1wMnAas2wy,Tuwan Highway Mission Hospital,Tuwan Highway Mission Hospital,5,Tuwani Ward,Gates Foundation - RMNCH
s9likQBEhHv,Tei Wa Yesu Health Centre,Tei Wa Yesu Health Centre,5,Kyuso Ward,Bread for the World Project; Gates Foundation - RMNCH
sD0C4mSXA4H,Chuka  County Refferal Hospital,Chuka  County Refferal Hospital,5,Karingani Ward,In JTP IPSL; Is C&T site; Is PMTCT site; Jamii Tekelezi
sFIGmjKBUBC,Emmanuel Kigari (ACK) Dispensary,Emmanuel Kigari (ACK) Dis,5,Ruguru-ngandori Ward,In JTP IPSL; Jamii Tekelezi
sFRSyKkdRWy,St John of God Hospital Tigania,St John of God Hospital Tigania,5,Muthara Ward,In JTP IPSL; Is C&T site; Is PMTCT site; Jamii Tekelezi
sKxmx6BtHB5,Kirogine Dispensary,Kirogine Dispensary,5,Nkuene Ward,In JTP IPSL; Is C&T site; Is PMTCT site; Jamii Tekelezi
sObWsoB3enC,Machang'a Dispensary,Machang'a Dispensary,5,Mavuria Ward,In JTP IPSL; Jamii Tekelezi
sV03SJelJoh,Woodlands Hospital,Woodlands Hospital,5,Ntima East Ward,In JTP IPSL; Jamii Tekelezi
salniVCl5mw,Ontulili Dispensary,Ontulili Dispensary,5,Timau Ward,In JTP IPSL; Is C&T site; Is PMTCT site; Jamii Tekelezi
sbtG4aQyRyp,Mararianta Health Centre,Mararianta Health Centre,5,Mara Ward,Bread for the World Project; CHAP Stawisha; Gates Foundation - RMNCH
sijQjq4rhfT,Minugu Dispensary,Minugu Dispensary,5,Mitheru Ward,In JTP IPSL; Jamii Tekelezi
ssY2d9sMYGR,Lokichogio (AIC) Health Centre,Lokichogio  (AIC) HC,5,Lokichoggio Ward,ACS Project; Bread for the World Project; Gates Foundation - RMNCH
syjqhftfG5l,Kapsowar (AIC) Hospital,Kapsowar (AIC) Hospital,5,Kapsowar Ward,ACS Project; CHAK MHU; Gates Foundation - RMNCH
t1MRzPmOj7Q,Presbyterian Ttc Rubate Health Centre,Presbyterian TTC Rubate H,5,Magumoni Ward,In JTP IPSL; Jamii Tekelezi
t5xZIr6qjd3,Gichiche Dispensary,Gichiche Dispensary,5,Central Ward,In JTP IPSL; Jamii Tekelezi
t6f0ncq9l8J,Intergrated Vision Centre Mlimani Mission Hospital,Intergrated Vision Centre Mlimani MissionHospital,5,Kiplombe Ward,Gates Foundation - RMNCH
tCDh3rEYIVj,Gachuriri Dispensary,Gachuriri Dispensary,5,Mbeti South Ward,In JTP IPSL; Is C&T site; Is PMTCT site; Jamii Tekelezi
tEu5VkVwaK7,Our Lady of Lourdes Mutomo Hospital,Our Lady Of Lourdes Mutomo Hospital,5,Mutomo Ward,CHAP Stawisha
tLVjdEE6IX2,Tharaka District Hospital,Tharaka dist hospital,5,Marimanti Ward,In JTP IPSL; Is C&T site; Is PMTCT site; Jamii Tekelezi
tMwQKRfIVVG,Uruku Health Centre,Uruku Health Centre,5,Nkuene Ward,In JTP IPSL; Is C&T site; Is PMTCT site; Jamii Tekelezi
tNO45kPRfaQ,Machwele Dispensary,Machwele Dispensary,5,West Bukusu Ward,Gates Foundation - RMNCH
tRNaL67wHjf,Getongoroma Health Centre,Getongoroma Health Centre,5,Nyabasi East Ward,ACS Project
tZXNm0Rsz9p,Amugaa Health Centre,Amugaa Health Centre,5,Thangatha Ward,In JTP IPSL; Is C&T site; Is PMTCT site; Jamii Tekelezi
tgcsqKSppEP,Kasaala Health Centre,Kasaala Health Centre,5,Ikutha Ward,CHAP Stawisha
tkWVWdSzZCJ,Mbonzuki Dispensary,Mbonzuki Dispensary,5,Mwea Ward,In JTP IPSL; Jamii Tekelezi
tlcvZ4jzPwM,Nakuru West (PCEA) Health Centre,Nakuru West (PCEA) HC,5,Shaabab Ward,Gitlab Project
trxPkQIiUSK,Kina Dispensary,Kina Dispensary,5,Athiru Ruujine Ward,In JTP IPSL; Is C&T site; Is PMTCT site; Jamii Tekelezi
tww0l46CGoh,Kirie Dispensary,Kirie Dispensary,5,Muminji Ward,In JTP IPSL; Is C&T site; Is PMTCT site; Jamii Tekelezi
u4oYyK5yC2Y,Mission of Mercy Clinic,Mission of Mercy Clinic,5,Township Ward,Gates Foundation - RMNCH
u5q6JCLA4SL,Ewaso Ngiro Health Centre,Ewaso Ngiro Health Centre,5,Maji Moto/Naroosura Ward,Bread for the World Project; CHAP Stawisha; Gates Foundation - RMNCH
uAFvoO68slK,Makima Dispensary,Makima Dispensary,5,Makima Ward,In JTP IPSL; Is C&T site; Is PMTCT site; Jamii Tekelezi
uAmB8MLWUbq,Ndaragwa Health Centre,Ndaragwa Health Centre,5,Central Ward,In JTP IPSL; Is C&T site; Is PMTCT site; Jamii Tekelezi
uECirbmK3vj,Ndemi Health Centre,Ndemi Health Centre,5,Wanjohi Ward,In JTP IPSL; Is C&T site; Is PMTCT site; Jamii Tekelezi
uKQ00J1SYx7,Jesse Kay Children's Hospital,Jesse Kay Children Hospital,5,Roysambu Ward,Gates Foundation - RMNCH; Gitlab Project
ubYSAHlGbvb,Embu Provincial General Hospital,Embu Hospital,5,Kirimari Ward,In JTP IPSL; Is C&T site; Is PMTCT site; Jamii Tekelezi
ukxQvonmMyN,Talek Health Centre,Talek Health Centre,5,Mara Ward,Bread for the World Project; CHAP Stawisha; Gates Foundation - RMNCH; Gitlab Project
uwvOG2N2Cmt,Meru District Hospital,Meru District Hospital,5,Municipality Ward,In JTP IPSL; Is C&T site; Is PMTCT site; Jamii Tekelezi
vCytWU2htrB,Mukuuni Dispensary,Mukuuni Dispensary,5,Magumoni Ward,In JTP IPSL; Is C&T site; Is PMTCT site; Jamii Tekelezi
vG1iOKniT2c,Beacon of Hope Clinic (Ongata Rongai),Beacon of Hope C (Kajiado,5,Nkaimurunya Ward,ACS Project; Gates Foundation - RMNCH; Gitlab Project
vWQ2B3FTO0m,Kathunguri Dispensary,Kathunguri Dispensary,5,Kyeni South Ward,In JTP IPSL; Jamii Tekelezi
vomk8x4PVA8,Embu Children Hospital,Embu Children Hospital,5,Mbeti North Ward,In JTP IPSL; Is C&T site; Is PMTCT site; Jamii Tekelezi
vpe1oyTwS9P,Kamaindi Dispensary,Kamaindi Health Centre,5,Igambang'ombe Ward,In JTP IPSL; Is PMTCT site; Jamii Tekelezi
wAbEG7TlDWH,Kangeta Heaith Centre,Kangeta HC,5,Kangeta Ward,In JTP IPSL; Is C&T site; Is PMTCT site; Jamii Tekelezi
wF4m03C8BPG,Beril's GWP Medical centre,Beril's GWP Medical centre,5,West Kasipul Ward,ACS Project; Gates Foundation - RMNCH
wY8b3t2QsEL,Ng'iya Health Centre,Ng'iya Health Centre,5,South East Alego Ward,Gates Foundation - RMNCH
wZUrNTrCEWz,Baragu Health Centre,Baragu Health Center,5,Chogoria Ward,In JTP IPSL; Is C&T site; Is PMTCT site; Jamii Tekelezi
wZymUoPqyPq,Tumaini Medical Centre (Masii),Tumaini Medical Centre (Masii),5,Masii Ward,Gitlab Project
wmdsuWliwrG,Lewa Downs Dispensary,Lewa Downs Dispensary,5,Kisima Ward,In JTP IPSL; Is C&T site; Is PMTCT site; Jamii Tekelezi
wvm19W6gCyl,Sambocho Health Centre,Sambocho Health Centre,5,Elgon Ward,ACS Project; Gates Foundation - RMNCH
xDYrSeSD4g7,Kiambere Health Centre,Kiambere Health Centre,5,Kiambere Ward,In JTP IPSL; Is C&T site; Is PMTCT site; Jamii Tekelezi
xWpiITvlGmC,Mulutu Mission Dispensary,Mulutu Mission Dispensary,5,Kyangwithya West Ward,CHAP Stawisha
xpXgPL892GT,New Tumaini Health Centre,New Tumaini Health Center,5,Kanjuiri Range Ward,In JTP IPSL; Is C&T site; Is PMTCT site; Jamii Tekelezi
xyqzLEu0jDE,St Assisi Sisters of Mary Immaculate Nursing Home,St Assisi Sisters of Mary Immaculate Nursing Home,5,Syokimau/Mulolongo Ward,CHAP Stawisha
y0kyyERURWh,Jumuia Mission Hospital Kaimosi,Jumuia Mission Hospital Kaimosi,5,Shiru Ward,ACS Project; Gates Foundation - RMNCH
y7oiHjCpFVc,Mukothima Health Centre,Mukothima Health Centre,5,Mukothima Ward,In JTP IPSL; Is C&T site; Is PMTCT site; Jamii Tekelezi
yGXMuAvTOta,Riachina Dispensary,Riachina Dispensary,5,Kiambere Ward,In JTP IPSL; Is PMTCT site; Jamii Tekelezi
yeGUcHoOF0W,Ngano Health Centre,Ngano Health Centre,5,Charagita Ward,In JTP IPSL; Is C&T site; Is PMTCT site; Jamii Tekelezi
yx40eoay4oE,Imenti North Dice (Meru),Meru Drop in Centre,5,Municipality Ward,In JTP IPSL; Is C&T site; Jamii Tekelezi
z6NaFzIMBFT,Namasoli Health Centre,Namasoli Health Centre,5,Kisa Central Ward,ACS Project; Gates Foundation - RMNCH
zZ24uGJ3OVi,St Joseph Catholic Dispensary (Ruiru),St Joseph Catholic Disp,5,Kahawa Wendani Ward,CHAP Stawisha
zc2OxGFBTln,Wire Dispensary,Wire Dispensary,5,West Kamagak Ward,ACS Project
zdklzerrVxH,Nyakach (AIC) Dispensary,Nyakach (AIC) Dispensary,5,South West Nyakach Ward,ACS Project; Gates Foundation - RMNCH
zlOqwHi8J7M,Mahiga (PCEA) Dispensary,Mahiga (PCEA) Dispensary,5,Mahiga Ward,Gitlab Project
zqmymbY6VTU,Ndunyu Njeru Dispensary,Ndunyu Njeru Dispensary,5,North Kinangop Ward,In JTP IPSL; Is C&T site; Is PMTCT site; Jamii Tekelezi
